timestamp,origin,destination,departure_date,return_date,trip_length_days,cabin_class,passengers,lowest_price_mxn,airline,stops,duration,url
2026-05-26 00:39:04,MEX,DUB,2026-11-22,2026-11-29,7,economy,1,15983,Unknown,Unknown,Unknown,https://www.google.com/travel/flights?q=Flights%20from%20MEX%20to%20DUB%20on%202026-11-22%20returning%202026-11-29%20economy%20class%201%20passenger
2026-05-26 00:39:24,MEX,DUB,2026-11-22,2026-11-30,8,economy,1,14117,Unknown,Unknown,Unknown,https://www.google.com/travel/flights?q=Flights%20from%20MEX%20to%20DUB%20on%202026-11-22%20returning%202026-11-30%20economy%20class%201%20passenger
2026-05-26 00:39:43,MEX,DUB,2026-11-23,2026-11-30,7,economy,1,15499,Unknown,Unknown,Unknown,https://www.google.com/travel/flights?q=Flights%20from%20MEX%20to%20DUB%20on%202026-11-23%20returning%202026-11-30%20economy%20class%201%20passenger
2026-05-26 00:40:02,MEX,DUB,2026-11-23,2026-12-01,8,economy,1,15499,Unknown,Unknown,Unknown,https://www.google.com/travel/flights?q=Flights%20from%20MEX%20to%20DUB%20on%202026-11-23%20returning%202026-12-01%20economy%20class%201%20passenger
2026-05-26 00:40:21,MEX,DUB,2026-11-24,2026-12-01,7,economy,1,15499,British Airways,1 stop,14 hr 15 min,https://www.google.com/travel/flights?q=Flights%20from%20MEX%20to%20DUB%20on%202026-11-24%20returning%202026-12-01%20economy%20class%201%20passenger
2026-05-26 00:40:40,MEX,DUB,2026-11-24,2026-12-02,8,economy,1,15499,British Airways,1 stop,14 hr 15 min,https://www.google.com/travel/flights?q=Flights%20from%20MEX%20to%20DUB%20on%202026-11-24%20returning%202026-12-02%20economy%20class%201%20passenger
2026-05-26 00:40:59,MEX,DUB,2026-11-25,2026-12-02,7,economy,1,15499,British Airways,1 stop,15 hr 20 min,https://www.google.com/travel/flights?q=Flights%20from%20MEX%20to%20DUB%20on%202026-11-25%20returning%202026-12-02%20economy%20class%201%20passenger
2026-05-26 00:41:19,MEX,DUB,2026-11-22,2026-11-29,7,business,1,59355,Unknown,Unknown,Unknown,https://www.google.com/travel/flights?q=Flights%20from%20MEX%20to%20DUB%20on%202026-11-22%20returning%202026-11-29%20business%20class%201%20passenger
2026-05-26 00:41:39,MEX,DUB,2026-11-22,2026-11-30,8,business,1,58958,Unknown,Unknown,Unknown,https://www.google.com/travel/flights?q=Flights%20from%20MEX%20to%20DUB%20on%202026-11-22%20returning%202026-11-30%20business%20class%201%20passenger
2026-05-26 00:41:58,MEX,DUB,2026-11-23,2026-11-30,7,business,1,58958,Unknown,Unknown,Unknown,https://www.google.com/travel/flights?q=Flights%20from%20MEX%20to%20DUB%20on%202026-11-23%20returning%202026-11-30%20business%20class%201%20passenger
2026-05-26 00:42:17,MEX,DUB,2026-11-23,2026-12-01,8,business,1,58958,Air France,1 stop,14 hr 25 min,https://www.google.com/travel/flights?q=Flights%20from%20MEX%20to%20DUB%20on%202026-11-23%20returning%202026-12-01%20business%20class%201%20passenger
2026-05-26 00:42:36,MEX,DUB,2026-11-24,2026-12-01,7,business,1,58837,Air France,1 stop,14 hr 15 min,https://www.google.com/travel/flights?q=Flights%20from%20MEX%20to%20DUB%20on%202026-11-24%20returning%202026-12-01%20business%20class%201%20passenger
2026-05-26 00:42:55,MEX,DUB,2026-11-24,2026-12-02,8,business,1,58837,Air France,1 stop,14 hr 15 min,https://www.google.com/travel/flights?q=Flights%20from%20MEX%20to%20DUB%20on%202026-11-24%20returning%202026-12-02%20business%20class%201%20passenger
2026-05-26 00:43:14,MEX,DUB,2026-11-25,2026-12-02,7,business,1,58837,KLM,1 stop,23 hr,https://www.google.com/travel/flights?q=Flights%20from%20MEX%20to%20DUB%20on%202026-11-25%20returning%202026-12-02%20business%20class%201%20passenger
2026-05-26 01:28:48,MEX,DUB,2026-11-22,2026-11-29,7,economy,1,15967,Unknown,Unknown,Unknown,https://www.google.com/travel/flights?q=Flights%20from%20MEX%20to%20DUB%20on%202026-11-22%20returning%202026-11-29%20economy%20class%201%20passenger
2026-05-26 01:29:08,MEX,DUB,2026-11-22,2026-11-30,8,economy,1,15949,Unknown,Unknown,Unknown,https://www.google.com/travel/flights?q=Flights%20from%20MEX%20to%20DUB%20on%202026-11-22%20returning%202026-11-30%20economy%20class%201%20passenger
2026-05-26 01:29:27,MEX,DUB,2026-11-23,2026-11-30,7,economy,1,15483,Unknown,Unknown,Unknown,https://www.google.com/travel/flights?q=Flights%20from%20MEX%20to%20DUB%20on%202026-11-23%20returning%202026-11-30%20economy%20class%201%20passenger
2026-05-26 01:29:46,MEX,DUB,2026-11-23,2026-12-01,8,economy,1,15483,British Airways,1 stop,14 hr 25 min,https://www.google.com/travel/flights?q=Flights%20from%20MEX%20to%20DUB%20on%202026-11-23%20returning%202026-12-01%20economy%20class%201%20passenger
2026-05-26 01:30:05,MEX,DUB,2026-11-24,2026-12-01,7,economy,1,15483,British Airways,1 stop,14 hr 15 min,https://www.google.com/travel/flights?q=Flights%20from%20MEX%20to%20DUB%20on%202026-11-24%20returning%202026-12-01%20economy%20class%201%20passenger
2026-05-26 01:30:24,MEX,DUB,2026-11-24,2026-12-02,8,economy,1,15483,British Airways,1 stop,14 hr 15 min,https://www.google.com/travel/flights?q=Flights%20from%20MEX%20to%20DUB%20on%202026-11-24%20returning%202026-12-02%20economy%20class%201%20passenger
2026-05-26 01:30:43,MEX,DUB,2026-11-25,2026-12-02,7,economy,1,15483,British Airways,1 stop,15 hr 20 min,https://www.google.com/travel/flights?q=Flights%20from%20MEX%20to%20DUB%20on%202026-11-25%20returning%202026-12-02%20economy%20class%201%20passenger
2026-05-26 01:31:03,MEX,DUB,2026-11-22,2026-11-29,7,business,1,59341,Unknown,Unknown,Unknown,https://www.google.com/travel/flights?q=Flights%20from%20MEX%20to%20DUB%20on%202026-11-22%20returning%202026-11-29%20business%20class%201%20passenger
2026-05-26 01:31:22,MEX,DUB,2026-11-22,2026-11-30,8,business,1,58944,Unknown,Unknown,Unknown,https://www.google.com/travel/flights?q=Flights%20from%20MEX%20to%20DUB%20on%202026-11-22%20returning%202026-11-30%20business%20class%201%20passenger
2026-05-26 01:31:42,MEX,DUB,2026-11-23,2026-11-30,7,business,1,58944,Unknown,Unknown,Unknown,https://www.google.com/travel/flights?q=Flights%20from%20MEX%20to%20DUB%20on%202026-11-23%20returning%202026-11-30%20business%20class%201%20passenger
2026-05-26 01:32:01,MEX,DUB,2026-11-23,2026-12-01,8,business,1,58944,Unknown,Unknown,Unknown,https://www.google.com/travel/flights?q=Flights%20from%20MEX%20to%20DUB%20on%202026-11-23%20returning%202026-12-01%20business%20class%201%20passenger
2026-05-26 01:32:20,MEX,DUB,2026-11-24,2026-12-01,7,business,1,58823,Air France,1 stop,14 hr 15 min,https://www.google.com/travel/flights?q=Flights%20from%20MEX%20to%20DUB%20on%202026-11-24%20returning%202026-12-01%20business%20class%201%20passenger
2026-05-26 01:32:39,MEX,DUB,2026-11-24,2026-12-02,8,business,1,58823,Air France,1 stop,14 hr 15 min,https://www.google.com/travel/flights?q=Flights%20from%20MEX%20to%20DUB%20on%202026-11-24%20returning%202026-12-02%20business%20class%201%20passenger
2026-05-26 01:32:58,MEX,DUB,2026-11-25,2026-12-02,7,business,1,58823,KLM,1 stop,23 hr,https://www.google.com/travel/flights?q=Flights%20from%20MEX%20to%20DUB%20on%202026-11-25%20returning%202026-12-02%20business%20class%201%20passenger
2026-05-26 01:53:24,MEX,NRT,2026-11-22,2026-11-29,7,economy,1,35425,American,2 stops,40 hr,https://www.google.com/travel/flights?q=Flights%20from%20MEX%20to%20NRT%20on%202026-11-22%20returning%202026-11-29%20economy%20class%201%20passenger
2026-05-26 01:53:43,MEX,NRT,2026-11-22,2026-11-30,8,economy,1,33835,United,2 stops,40 hr,https://www.google.com/travel/flights?q=Flights%20from%20MEX%20to%20NRT%20on%202026-11-22%20returning%202026-11-30%20economy%20class%201%20passenger
2026-05-26 01:54:02,MEX,NRT,2026-11-23,2026-11-30,7,economy,1,30517,Aeromexico,1 stop,23 hr 35 min,https://www.google.com/travel/flights?q=Flights%20from%20MEX%20to%20NRT%20on%202026-11-23%20returning%202026-11-30%20economy%20class%201%20passenger
2026-05-26 01:54:21,MEX,NRT,2026-11-23,2026-12-01,8,economy,1,30500,Air Canada,1 stop,23 hr 35 min,https://www.google.com/travel/flights?q=Flights%20from%20MEX%20to%20NRT%20on%202026-11-23%20returning%202026-12-01%20economy%20class%201%20passenger
2026-05-26 01:54:41,MEX,NRT,2026-11-24,2026-12-01,7,economy,1,29618,Turkish Airlines,2 stops,40 hr,https://www.google.com/travel/flights?q=Flights%20from%20MEX%20to%20NRT%20on%202026-11-24%20returning%202026-12-01%20economy%20class%201%20passenger
2026-05-26 01:55:00,MEX,NRT,2026-11-24,2026-12-02,8,economy,1,32314,United,1 stop,23 hr 35 min,https://www.google.com/travel/flights?q=Flights%20from%20MEX%20to%20NRT%20on%202026-11-24%20returning%202026-12-02%20economy%20class%201%20passenger
2026-05-26 01:55:19,MEX,NRT,2026-11-25,2026-12-02,7,economy,1,33731,American,1 stop,18 hr 40 min,https://www.google.com/travel/flights?q=Flights%20from%20MEX%20to%20NRT%20on%202026-11-25%20returning%202026-12-02%20economy%20class%201%20passenger
2026-05-26 01:55:38,MEX,NRT,2026-11-22,2026-11-29,7,business,1,110215,Aeromexico,1 stop,18 hr 10 min,https://www.google.com/travel/flights?q=Flights%20from%20MEX%20to%20NRT%20on%202026-11-22%20returning%202026-11-29%20business%20class%201%20passenger
2026-05-26 01:55:57,MEX,NRT,2026-11-22,2026-11-30,8,business,1,109489,Aeromexico,1 stop,18 hr 10 min,https://www.google.com/travel/flights?q=Flights%20from%20MEX%20to%20NRT%20on%202026-11-22%20returning%202026-11-30%20business%20class%201%20passenger
2026-05-26 01:56:16,MEX,NRT,2026-11-23,2026-11-30,7,business,1,108954,Aeromexico,Nonstop,14 hr 45 min,https://www.google.com/travel/flights?q=Flights%20from%20MEX%20to%20NRT%20on%202026-11-23%20returning%202026-11-30%20business%20class%201%20passenger
2026-05-26 01:56:36,MEX,NRT,2026-11-23,2026-12-01,8,business,1,97116,ANA,1 stop,18 hr 15 min,https://www.google.com/travel/flights?q=Flights%20from%20MEX%20to%20NRT%20on%202026-11-23%20returning%202026-12-01%20business%20class%201%20passenger
2026-05-26 01:56:55,MEX,NRT,2026-11-24,2026-12-01,7,business,1,57820,Aeromexico,2 stops,40 hr,https://www.google.com/travel/flights?q=Flights%20from%20MEX%20to%20NRT%20on%202026-11-24%20returning%202026-12-01%20business%20class%201%20passenger
2026-05-26 01:57:14,MEX,NRT,2026-11-24,2026-12-02,8,business,1,108954,Aeromexico,Nonstop,14 hr 45 min,https://www.google.com/travel/flights?q=Flights%20from%20MEX%20to%20NRT%20on%202026-11-24%20returning%202026-12-02%20business%20class%201%20passenger
2026-05-26 01:57:33,MEX,NRT,2026-11-25,2026-12-02,7,business,1,108954,United,Nonstop,14 hr 45 min,https://www.google.com/travel/flights?q=Flights%20from%20MEX%20to%20NRT%20on%202026-11-25%20returning%202026-12-02%20business%20class%201%20passenger
2026-05-26 02:17:18,MEX,NRT,2026-11-22,2026-11-29,7,economy,1,35442,American,2 stops,40 hr,https://www.google.com/travel/flights?q=Flights%20from%20MEX%20to%20NRT%20on%202026-11-22%20returning%202026-11-29%20economy%20class%201%20passenger
2026-05-26 02:17:38,MEX,NRT,2026-11-22,2026-11-30,8,economy,1,33852,United,2 stops,40 hr,https://www.google.com/travel/flights?q=Flights%20from%20MEX%20to%20NRT%20on%202026-11-22%20returning%202026-11-30%20economy%20class%201%20passenger
2026-05-26 02:17:57,MEX,NRT,2026-11-23,2026-11-30,7,economy,1,30534,Aeromexico,1 stop,23 hr 35 min,https://www.google.com/travel/flights?q=Flights%20from%20MEX%20to%20NRT%20on%202026-11-23%20returning%202026-11-30%20economy%20class%201%20passenger
2026-05-26 02:18:16,MEX,NRT,2026-11-23,2026-12-01,8,economy,1,30517,Air Canada,1 stop,23 hr 35 min,https://www.google.com/travel/flights?q=Flights%20from%20MEX%20to%20NRT%20on%202026-11-23%20returning%202026-12-01%20economy%20class%201%20passenger
2026-05-26 02:18:35,MEX,NRT,2026-11-24,2026-12-01,7,economy,1,29636,Turkish Airlines,2 stops,40 hr,https://www.google.com/travel/flights?q=Flights%20from%20MEX%20to%20NRT%20on%202026-11-24%20returning%202026-12-01%20economy%20class%201%20passenger
2026-05-26 02:19:13,MEX,NRT,2026-11-25,2026-12-02,7,economy,1,33731,American,1 stop,18 hr 40 min,https://www.google.com/travel/flights?q=Flights%20from%20MEX%20to%20NRT%20on%202026-11-25%20returning%202026-12-02%20economy%20class%201%20passenger
2026-05-26 02:19:32,MEX,NRT,2026-11-22,2026-11-29,7,business,1,110267,Aeromexico,1 stop,18 hr 10 min,https://www.google.com/travel/flights?q=Flights%20from%20MEX%20to%20NRT%20on%202026-11-22%20returning%202026-11-29%20business%20class%201%20passenger
2026-05-26 02:19:52,MEX,NRT,2026-11-22,2026-11-30,8,business,1,109541,Aeromexico,1 stop,18 hr 10 min,https://www.google.com/travel/flights?q=Flights%20from%20MEX%20to%20NRT%20on%202026-11-22%20returning%202026-11-30%20business%20class%201%20passenger
2026-05-26 02:20:11,MEX,NRT,2026-11-23,2026-11-30,7,business,1,109005,Aeromexico,Nonstop,14 hr 45 min,https://www.google.com/travel/flights?q=Flights%20from%20MEX%20to%20NRT%20on%202026-11-23%20returning%202026-11-30%20business%20class%201%20passenger
2026-05-26 02:20:30,MEX,NRT,2026-11-23,2026-12-01,8,business,1,97168,ANA,1 stop,18 hr 15 min,https://www.google.com/travel/flights?q=Flights%20from%20MEX%20to%20NRT%20on%202026-11-23%20returning%202026-12-01%20business%20class%201%20passenger
2026-05-26 02:20:49,MEX,NRT,2026-11-24,2026-12-01,7,business,1,57855,Aeromexico,2 stops,40 hr,https://www.google.com/travel/flights?q=Flights%20from%20MEX%20to%20NRT%20on%202026-11-24%20returning%202026-12-01%20business%20class%201%20passenger
2026-05-26 02:21:08,MEX,NRT,2026-11-24,2026-12-02,8,business,1,109005,Aeromexico,Nonstop,14 hr 45 min,https://www.google.com/travel/flights?q=Flights%20from%20MEX%20to%20NRT%20on%202026-11-24%20returning%202026-12-02%20business%20class%201%20passenger
2026-05-26 02:21:27,MEX,NRT,2026-11-25,2026-12-02,7,business,1,109005,United,Nonstop,14 hr 45 min,https://www.google.com/travel/flights?q=Flights%20from%20MEX%20to%20NRT%20on%202026-11-25%20returning%202026-12-02%20business%20class%201%20passenger
2026-05-26 02:21:47,MEX,CDG,2026-11-22,2026-11-29,7,economy,1,18265,Aeromexico,Nonstop,10 hr 40 min,https://www.google.com/travel/flights?q=Flights%20from%20MEX%20to%20CDG%20on%202026-11-22%20returning%202026-11-29%20economy%20class%201%20passenger
2026-05-26 02:22:25,MEX,CDG,2026-11-23,2026-11-30,7,economy,1,17799,Aeromexico,1 stop,14 hr 45 min,https://www.google.com/travel/flights?q=Flights%20from%20MEX%20to%20CDG%20on%202026-11-23%20returning%202026-11-30%20economy%20class%201%20passenger
2026-05-26 02:22:44,MEX,CDG,2026-11-23,2026-12-01,8,economy,1,17799,Aeromexico,1 stop,14 hr 45 min,https://www.google.com/travel/flights?q=Flights%20from%20MEX%20to%20CDG%20on%202026-11-23%20returning%202026-12-01%20economy%20class%201%20passenger
2026-05-26 02:23:04,MEX,CDG,2026-11-24,2026-12-01,7,economy,1,17971,British Airways,1 stop,16 hr 45 min,https://www.google.com/travel/flights?q=Flights%20from%20MEX%20to%20CDG%20on%202026-11-24%20returning%202026-12-01%20economy%20class%201%20passenger
2026-05-26 02:23:23,MEX,CDG,2026-11-24,2026-12-02,8,economy,1,17349,Aeromexico,Nonstop,10 hr 40 min,https://www.google.com/travel/flights?q=Flights%20from%20MEX%20to%20CDG%20on%202026-11-24%20returning%202026-12-02%20economy%20class%201%20passenger
2026-05-26 02:23:42,MEX,CDG,2026-11-25,2026-12-02,7,economy,1,17349,Aeromexico,Nonstop,10 hr 40 min,https://www.google.com/travel/flights?q=Flights%20from%20MEX%20to%20CDG%20on%202026-11-25%20returning%202026-12-02%20economy%20class%201%20passenger
2026-05-26 02:24:21,MEX,CDG,2026-11-22,2026-11-30,8,business,1,61276,Unknown,1 stop,19 hr 30 min,https://www.google.com/travel/flights?q=Flights%20from%20MEX%20to%20CDG%20on%202026-11-22%20returning%202026-11-30%20business%20class%201%20passenger
2026-05-26 02:24:41,MEX,CDG,2026-11-23,2026-11-30,7,business,1,55418,Turkish Airlines,1 stop,25 hr 20 min,https://www.google.com/travel/flights?q=Flights%20from%20MEX%20to%20CDG%20on%202026-11-23%20returning%202026-11-30%20business%20class%201%20passenger
2026-05-26 02:25:00,MEX,CDG,2026-11-23,2026-12-01,8,business,1,55418,Unknown,1 stop,25 hr 20 min,https://www.google.com/travel/flights?q=Flights%20from%20MEX%20to%20CDG%20on%202026-11-23%20returning%202026-12-01%20business%20class%201%20passenger
2026-05-26 02:25:19,MEX,CDG,2026-11-24,2026-12-01,7,business,1,55418,Unknown,1 stop,19 hr 30 min,https://www.google.com/travel/flights?q=Flights%20from%20MEX%20to%20CDG%20on%202026-11-24%20returning%202026-12-01%20business%20class%201%20passenger
2026-05-26 02:25:38,MEX,CDG,2026-11-24,2026-12-02,8,business,1,55418,Unknown,1 stop,19 hr 30 min,https://www.google.com/travel/flights?q=Flights%20from%20MEX%20to%20CDG%20on%202026-11-24%20returning%202026-12-02%20business%20class%201%20passenger
2026-05-26 02:25:58,MEX,CDG,2026-11-25,2026-12-02,7,business,1,55418,Unknown,1 stop,19 hr 30 min,https://www.google.com/travel/flights?q=Flights%20from%20MEX%20to%20CDG%20on%202026-11-25%20returning%202026-12-02%20business%20class%201%20passenger
2026-05-26 02:26:18,MEX,MAD,2026-11-22,2026-11-29,7,economy,1,15068,British Airways,Nonstop,10 hr 5 min,https://www.google.com/travel/flights?q=Flights%20from%20MEX%20to%20MAD%20on%202026-11-22%20returning%202026-11-29%20economy%20class%201%20passenger
2026-05-26 02:26:37,MEX,MAD,2026-11-22,2026-11-30,8,economy,1,15068,British Airways,Nonstop,10 hr 5 min,https://www.google.com/travel/flights?q=Flights%20from%20MEX%20to%20MAD%20on%202026-11-22%20returning%202026-11-30%20economy%20class%201%20passenger
2026-05-26 02:26:56,MEX,MAD,2026-11-23,2026-11-30,7,economy,1,15068,British Airways,Nonstop,10 hr 5 min,https://www.google.com/travel/flights?q=Flights%20from%20MEX%20to%20MAD%20on%202026-11-23%20returning%202026-11-30%20economy%20class%201%20passenger
2026-05-26 02:27:15,MEX,MAD,2026-11-23,2026-12-01,8,economy,1,14377,British Airways,Nonstop,10 hr 5 min,https://www.google.com/travel/flights?q=Flights%20from%20MEX%20to%20MAD%20on%202026-11-23%20returning%202026-12-01%20economy%20class%201%20passenger
2026-05-26 02:27:34,MEX,MAD,2026-11-24,2026-12-01,7,economy,1,14377,British Airways,Nonstop,10 hr 5 min,https://www.google.com/travel/flights?q=Flights%20from%20MEX%20to%20MAD%20on%202026-11-24%20returning%202026-12-01%20economy%20class%201%20passenger
2026-05-26 02:27:53,MEX,MAD,2026-11-24,2026-12-02,8,economy,1,14377,British Airways,Nonstop,10 hr 5 min,https://www.google.com/travel/flights?q=Flights%20from%20MEX%20to%20MAD%20on%202026-11-24%20returning%202026-12-02%20economy%20class%201%20passenger
2026-05-26 02:28:32,MEX,MAD,2026-11-22,2026-11-29,7,business,1,49750,Unknown,1 stop,16 hr 35 min,https://www.google.com/travel/flights?q=Flights%20from%20MEX%20to%20MAD%20on%202026-11-22%20returning%202026-11-29%20business%20class%201%20passenger
2026-05-26 02:28:51,MEX,MAD,2026-11-22,2026-11-30,8,business,1,44290,Lufthansa,1 stop,19 hr 50 min,https://www.google.com/travel/flights?q=Flights%20from%20MEX%20to%20MAD%20on%202026-11-22%20returning%202026-11-30%20business%20class%201%20passenger
2026-05-26 02:29:48,MEX,MAD,2026-11-24,2026-12-01,7,business,1,42924,United,1 stop,19 hr,https://www.google.com/travel/flights?q=Flights%20from%20MEX%20to%20MAD%20on%202026-11-24%20returning%202026-12-01%20business%20class%201%20passenger
2026-05-26 02:30:26,MEX,MAD,2026-11-25,2026-12-02,7,business,1,42924,Lufthansa,1 stop,19 hr,https://www.google.com/travel/flights?q=Flights%20from%20MEX%20to%20MAD%20on%202026-11-25%20returning%202026-12-02%20business%20class%201%20passenger
2026-05-26 02:30:46,MEX,AMS,2026-11-22,2026-11-29,7,economy,1,19613,Aeromexico,Nonstop,10 hr 40 min,https://www.google.com/travel/flights?q=Flights%20from%20MEX%20to%20AMS%20on%202026-11-22%20returning%202026-11-29%20economy%20class%201%20passenger
2026-05-26 02:31:24,MEX,AMS,2026-11-23,2026-11-30,7,economy,1,18939,Lufthansa,1 stop,13 hr 45 min,https://www.google.com/travel/flights?q=Flights%20from%20MEX%20to%20AMS%20on%202026-11-23%20returning%202026-11-30%20economy%20class%201%20passenger
2026-05-26 02:31:43,MEX,AMS,2026-11-23,2026-12-01,8,economy,1,18939,Lufthansa,1 stop,13 hr 45 min,https://www.google.com/travel/flights?q=Flights%20from%20MEX%20to%20AMS%20on%202026-11-23%20returning%202026-12-01%20economy%20class%201%20passenger
2026-05-26 02:32:02,MEX,AMS,2026-11-24,2026-12-01,7,economy,1,18939,Lufthansa,1 stop,13 hr 45 min,https://www.google.com/travel/flights?q=Flights%20from%20MEX%20to%20AMS%20on%202026-11-24%20returning%202026-12-01%20economy%20class%201%20passenger
2026-05-26 02:32:21,MEX,AMS,2026-11-24,2026-12-02,8,economy,1,18939,Lufthansa,1 stop,13 hr 45 min,https://www.google.com/travel/flights?q=Flights%20from%20MEX%20to%20AMS%20on%202026-11-24%20returning%202026-12-02%20economy%20class%201%20passenger
2026-05-26 02:32:41,MEX,AMS,2026-11-25,2026-12-02,7,economy,1,18317,Aeromexico,Nonstop,10 hr 40 min,https://www.google.com/travel/flights?q=Flights%20from%20MEX%20to%20AMS%20on%202026-11-25%20returning%202026-12-02%20economy%20class%201%20passenger
2026-05-26 02:33:00,MEX,AMS,2026-11-22,2026-11-29,7,business,1,67999,Aeromexico,2 stops,21 hr,https://www.google.com/travel/flights?q=Flights%20from%20MEX%20to%20AMS%20on%202026-11-22%20returning%202026-11-29%20business%20class%201%20passenger
2026-05-26 02:33:19,MEX,AMS,2026-11-22,2026-11-30,8,business,1,67999,Aeromexico,2 stops,21 hr,https://www.google.com/travel/flights?q=Flights%20from%20MEX%20to%20AMS%20on%202026-11-22%20returning%202026-11-30%20business%20class%201%20passenger
2026-05-26 02:33:57,MEX,AMS,2026-11-23,2026-12-01,8,business,1,67999,Turkish Airlines,2 stops,21 hr,https://www.google.com/travel/flights?q=Flights%20from%20MEX%20to%20AMS%20on%202026-11-23%20returning%202026-12-01%20business%20class%201%20passenger
2026-05-26 02:34:16,MEX,AMS,2026-11-24,2026-12-01,7,business,1,67999,Aeromexico,2 stops,21 hr,https://www.google.com/travel/flights?q=Flights%20from%20MEX%20to%20AMS%20on%202026-11-24%20returning%202026-12-01%20business%20class%201%20passenger
2026-05-26 02:34:35,MEX,AMS,2026-11-24,2026-12-02,8,business,1,67999,Aeromexico,2 stops,21 hr,https://www.google.com/travel/flights?q=Flights%20from%20MEX%20to%20AMS%20on%202026-11-24%20returning%202026-12-02%20business%20class%201%20passenger
2026-05-26 02:34:54,MEX,AMS,2026-11-25,2026-12-02,7,business,1,67394,Aeromexico,1 stop,15 hr 15 min,https://www.google.com/travel/flights?q=Flights%20from%20MEX%20to%20AMS%20on%202026-11-25%20returning%202026-12-02%20business%20class%201%20passenger
2026-05-26 19:35:47,MEX,NRT,2026-11-22,2026-11-29,7,economy,1,35390,American,2 stops,40 hr,https://www.google.com/travel/flights?q=Flights%20from%20MEX%20to%20NRT%20on%202026-11-22%20returning%202026-11-29%20economy%20class%201%20passenger
2026-05-26 19:36:06,MEX,NRT,2026-11-22,2026-11-30,8,economy,1,33869,Aeromexico,2 stops,40 hr,https://www.google.com/travel/flights?q=Flights%20from%20MEX%20to%20NRT%20on%202026-11-22%20returning%202026-11-30%20economy%20class%201%20passenger
2026-05-26 19:36:25,MEX,NRT,2026-11-23,2026-11-30,7,economy,1,30517,United,1 stop,23 hr 35 min,https://www.google.com/travel/flights?q=Flights%20from%20MEX%20to%20NRT%20on%202026-11-23%20returning%202026-11-30%20economy%20class%201%20passenger
2026-05-26 19:36:44,MEX,NRT,2026-11-23,2026-12-01,8,economy,1,30465,Air Canada,1 stop,23 hr 35 min,https://www.google.com/travel/flights?q=Flights%20from%20MEX%20to%20NRT%20on%202026-11-23%20returning%202026-12-01%20economy%20class%201%20passenger
2026-05-26 19:37:03,MEX,NRT,2026-11-24,2026-12-01,7,economy,1,29618,Turkish Airlines,2 stops,40 hr,https://www.google.com/travel/flights?q=Flights%20from%20MEX%20to%20NRT%20on%202026-11-24%20returning%202026-12-01%20economy%20class%201%20passenger
2026-05-26 19:37:23,MEX,NRT,2026-11-24,2026-12-02,8,economy,1,32314,United,1 stop,23 hr 35 min,https://www.google.com/travel/flights?q=Flights%20from%20MEX%20to%20NRT%20on%202026-11-24%20returning%202026-12-02%20economy%20class%201%20passenger
2026-05-26 19:37:42,MEX,NRT,2026-11-25,2026-12-02,7,economy,1,33679,American,1 stop,18 hr 40 min,https://www.google.com/travel/flights?q=Flights%20from%20MEX%20to%20NRT%20on%202026-11-25%20returning%202026-12-02%20economy%20class%201%20passenger
2026-05-26 19:38:01,MEX,NRT,2026-11-22,2026-11-29,7,business,1,110094,Aeromexico,1 stop,18 hr 10 min,https://www.google.com/travel/flights?q=Flights%20from%20MEX%20to%20NRT%20on%202026-11-22%20returning%202026-11-29%20business%20class%201%20passenger
2026-05-26 19:38:20,MEX,NRT,2026-11-22,2026-11-30,8,business,1,109368,Aeromexico,1 stop,18 hr 10 min,https://www.google.com/travel/flights?q=Flights%20from%20MEX%20to%20NRT%20on%202026-11-22%20returning%202026-11-30%20business%20class%201%20passenger
2026-05-26 19:38:40,MEX,NRT,2026-11-23,2026-11-30,7,business,1,108833,Aeromexico,Nonstop,14 hr 45 min,https://www.google.com/travel/flights?q=Flights%20from%20MEX%20to%20NRT%20on%202026-11-23%20returning%202026-11-30%20business%20class%201%20passenger
2026-05-26 19:38:59,MEX,NRT,2026-11-23,2026-12-01,8,business,1,97013,ANA,1 stop,18 hr 15 min,https://www.google.com/travel/flights?q=Flights%20from%20MEX%20to%20NRT%20on%202026-11-23%20returning%202026-12-01%20business%20class%201%20passenger
2026-05-26 19:39:18,MEX,NRT,2026-11-24,2026-12-01,7,business,1,57769,United,2 stops,40 hr,https://www.google.com/travel/flights?q=Flights%20from%20MEX%20to%20NRT%20on%202026-11-24%20returning%202026-12-01%20business%20class%201%20passenger
2026-05-26 19:39:37,MEX,NRT,2026-11-24,2026-12-02,8,business,1,108833,United,Nonstop,14 hr 45 min,https://www.google.com/travel/flights?q=Flights%20from%20MEX%20to%20NRT%20on%202026-11-24%20returning%202026-12-02%20business%20class%201%20passenger
2026-05-26 19:39:56,MEX,NRT,2026-11-25,2026-12-02,7,business,1,108833,United,Nonstop,14 hr 45 min,https://www.google.com/travel/flights?q=Flights%20from%20MEX%20to%20NRT%20on%202026-11-25%20returning%202026-12-02%20business%20class%201%20passenger
2026-05-26 19:40:17,MEX,CDG,2026-11-22,2026-11-29,7,economy,1,18231,Aeromexico,Nonstop,10 hr 40 min,https://www.google.com/travel/flights?q=Flights%20from%20MEX%20to%20CDG%20on%202026-11-22%20returning%202026-11-29%20economy%20class%201%20passenger
2026-05-26 19:40:36,MEX,CDG,2026-11-22,2026-11-30,8,economy,1,18144,Aeromexico,Nonstop,10 hr 40 min,https://www.google.com/travel/flights?q=Flights%20from%20MEX%20to%20CDG%20on%202026-11-22%20returning%202026-11-30%20economy%20class%201%20passenger
2026-05-26 19:40:55,MEX,CDG,2026-11-23,2026-11-30,7,economy,1,17764,Aeromexico,1 stop,14 hr 45 min,https://www.google.com/travel/flights?q=Flights%20from%20MEX%20to%20CDG%20on%202026-11-23%20returning%202026-11-30%20economy%20class%201%20passenger
2026-05-26 19:41:14,MEX,CDG,2026-11-23,2026-12-01,8,economy,1,17764,Aeromexico,1 stop,14 hr 45 min,https://www.google.com/travel/flights?q=Flights%20from%20MEX%20to%20CDG%20on%202026-11-23%20returning%202026-12-01%20economy%20class%201%20passenger
2026-05-26 19:41:34,MEX,CDG,2026-11-24,2026-12-01,7,economy,1,17937,British Airways,1 stop,16 hr 45 min,https://www.google.com/travel/flights?q=Flights%20from%20MEX%20to%20CDG%20on%202026-11-24%20returning%202026-12-01%20economy%20class%201%20passenger
2026-05-26 19:41:53,MEX,CDG,2026-11-24,2026-12-02,8,economy,1,17332,Aeromexico,Nonstop,10 hr 40 min,https://www.google.com/travel/flights?q=Flights%20from%20MEX%20to%20CDG%20on%202026-11-24%20returning%202026-12-02%20economy%20class%201%20passenger
2026-05-26 19:42:12,MEX,CDG,2026-11-25,2026-12-02,7,economy,1,17332,Aeromexico,Nonstop,10 hr 40 min,https://www.google.com/travel/flights?q=Flights%20from%20MEX%20to%20CDG%20on%202026-11-25%20returning%202026-12-02%20economy%20class%201%20passenger
2026-05-26 19:42:32,MEX,CDG,2026-11-22,2026-11-29,7,business,1,67014,Aeromexico,1 stop,19 hr 30 min,https://www.google.com/travel/flights?q=Flights%20from%20MEX%20to%20CDG%20on%202026-11-22%20returning%202026-11-29%20business%20class%201%20passenger
2026-05-26 19:42:51,MEX,CDG,2026-11-22,2026-11-30,8,business,1,61173,Aeromexico,1 stop,19 hr 30 min,https://www.google.com/travel/flights?q=Flights%20from%20MEX%20to%20CDG%20on%202026-11-22%20returning%202026-11-30%20business%20class%201%20passenger
2026-05-26 19:43:11,MEX,CDG,2026-11-23,2026-11-30,7,business,1,55332,Turkish Airlines,1 stop,25 hr 20 min,https://www.google.com/travel/flights?q=Flights%20from%20MEX%20to%20CDG%20on%202026-11-23%20returning%202026-11-30%20business%20class%201%20passenger
2026-05-26 19:43:30,MEX,CDG,2026-11-23,2026-12-01,8,business,1,55332,Air Canada,1 stop,25 hr 20 min,https://www.google.com/travel/flights?q=Flights%20from%20MEX%20to%20CDG%20on%202026-11-23%20returning%202026-12-01%20business%20class%201%20passenger
2026-05-26 19:43:49,MEX,CDG,2026-11-24,2026-12-01,7,business,1,55332,Aeromexico,1 stop,19 hr 30 min,https://www.google.com/travel/flights?q=Flights%20from%20MEX%20to%20CDG%20on%202026-11-24%20returning%202026-12-01%20business%20class%201%20passenger
2026-05-26 19:44:08,MEX,CDG,2026-11-24,2026-12-02,8,business,1,55332,Unknown,Unknown,Unknown,https://www.google.com/travel/flights?q=Flights%20from%20MEX%20to%20CDG%20on%202026-11-24%20returning%202026-12-02%20business%20class%201%20passenger
2026-05-26 19:44:27,MEX,CDG,2026-11-25,2026-12-02,7,business,1,55332,Aeromexico,1 stop,19 hr 30 min,https://www.google.com/travel/flights?q=Flights%20from%20MEX%20to%20CDG%20on%202026-11-25%20returning%202026-12-02%20business%20class%201%20passenger
2026-05-26 19:44:47,MEX,MAD,2026-11-22,2026-11-29,7,economy,1,15051,Aeromexico,Nonstop,10 hr 5 min,https://www.google.com/travel/flights?q=Flights%20from%20MEX%20to%20MAD%20on%202026-11-22%20returning%202026-11-29%20economy%20class%201%20passenger
2026-05-26 19:45:07,MEX,MAD,2026-11-22,2026-11-30,8,economy,1,15051,Aeromexico,Nonstop,10 hr 5 min,https://www.google.com/travel/flights?q=Flights%20from%20MEX%20to%20MAD%20on%202026-11-22%20returning%202026-11-30%20economy%20class%201%20passenger
2026-05-26 19:45:26,MEX,MAD,2026-11-23,2026-11-30,7,economy,1,15051,British Airways,Nonstop,10 hr 5 min,https://www.google.com/travel/flights?q=Flights%20from%20MEX%20to%20MAD%20on%202026-11-23%20returning%202026-11-30%20economy%20class%201%20passenger
2026-05-26 19:45:45,MEX,MAD,2026-11-23,2026-12-01,8,economy,1,14360,British Airways,Nonstop,10 hr 5 min,https://www.google.com/travel/flights?q=Flights%20from%20MEX%20to%20MAD%20on%202026-11-23%20returning%202026-12-01%20economy%20class%201%20passenger
2026-05-26 19:46:04,MEX,MAD,2026-11-24,2026-12-01,7,economy,1,14360,British Airways,Nonstop,10 hr 5 min,https://www.google.com/travel/flights?q=Flights%20from%20MEX%20to%20MAD%20on%202026-11-24%20returning%202026-12-01%20economy%20class%201%20passenger
2026-05-26 19:46:23,MEX,MAD,2026-11-24,2026-12-02,8,economy,1,14360,British Airways,Nonstop,10 hr 5 min,https://www.google.com/travel/flights?q=Flights%20from%20MEX%20to%20MAD%20on%202026-11-24%20returning%202026-12-02%20economy%20class%201%20passenger
2026-05-26 19:46:43,MEX,MAD,2026-11-25,2026-12-02,7,economy,1,14360,British Airways,Nonstop,10 hr 5 min,https://www.google.com/travel/flights?q=Flights%20from%20MEX%20to%20MAD%20on%202026-11-25%20returning%202026-12-02%20economy%20class%201%20passenger
2026-05-26 19:47:03,MEX,MAD,2026-11-22,2026-11-29,7,business,1,43996,Lufthansa,1 stop,19 hr 50 min,https://www.google.com/travel/flights?q=Flights%20from%20MEX%20to%20MAD%20on%202026-11-22%20returning%202026-11-29%20business%20class%201%20passenger
2026-05-26 19:47:22,MEX,MAD,2026-11-22,2026-11-30,8,business,1,44221,Lufthansa,1 stop,19 hr 50 min,https://www.google.com/travel/flights?q=Flights%20from%20MEX%20to%20MAD%20on%202026-11-22%20returning%202026-11-30%20business%20class%201%20passenger
2026-05-26 19:47:41,MEX,MAD,2026-11-23,2026-11-30,7,business,1,43477,Lufthansa,1 stop,19 hr,https://www.google.com/travel/flights?q=Flights%20from%20MEX%20to%20MAD%20on%202026-11-23%20returning%202026-11-30%20business%20class%201%20passenger
2026-05-26 19:48:00,MEX,MAD,2026-11-23,2026-12-01,8,business,1,42855,Lufthansa,1 stop,19 hr,https://www.google.com/travel/flights?q=Flights%20from%20MEX%20to%20MAD%20on%202026-11-23%20returning%202026-12-01%20business%20class%201%20passenger
2026-05-26 19:48:20,MEX,MAD,2026-11-24,2026-12-01,7,business,1,42855,Lufthansa,1 stop,19 hr,https://www.google.com/travel/flights?q=Flights%20from%20MEX%20to%20MAD%20on%202026-11-24%20returning%202026-12-01%20business%20class%201%20passenger
2026-05-26 19:48:41,MEX,MAD,2026-11-24,2026-12-02,8,business,1,42855,Lufthansa,1 stop,19 hr,https://www.google.com/travel/flights?q=Flights%20from%20MEX%20to%20MAD%20on%202026-11-24%20returning%202026-12-02%20business%20class%201%20passenger
2026-05-26 19:49:00,MEX,MAD,2026-11-25,2026-12-02,7,business,1,42855,Lufthansa,1 stop,19 hr,https://www.google.com/travel/flights?q=Flights%20from%20MEX%20to%20MAD%20on%202026-11-25%20returning%202026-12-02%20business%20class%201%20passenger
2026-05-26 19:49:20,MEX,AMS,2026-11-22,2026-11-29,7,economy,1,19578,Aeromexico,Nonstop,10 hr 40 min,https://www.google.com/travel/flights?q=Flights%20from%20MEX%20to%20AMS%20on%202026-11-22%20returning%202026-11-29%20economy%20class%201%20passenger
2026-05-26 19:49:39,MEX,AMS,2026-11-22,2026-11-30,8,economy,1,18939,Lufthansa,1 stop,13 hr 45 min,https://www.google.com/travel/flights?q=Flights%20from%20MEX%20to%20AMS%20on%202026-11-22%20returning%202026-11-30%20economy%20class%201%20passenger
2026-05-26 19:49:58,MEX,AMS,2026-11-23,2026-11-30,7,economy,1,18939,Lufthansa,1 stop,13 hr 45 min,https://www.google.com/travel/flights?q=Flights%20from%20MEX%20to%20AMS%20on%202026-11-23%20returning%202026-11-30%20economy%20class%201%20passenger
2026-05-26 19:50:18,MEX,AMS,2026-11-23,2026-12-01,8,economy,1,18939,Lufthansa,1 stop,13 hr 45 min,https://www.google.com/travel/flights?q=Flights%20from%20MEX%20to%20AMS%20on%202026-11-23%20returning%202026-12-01%20economy%20class%201%20passenger
2026-05-26 19:50:37,MEX,AMS,2026-11-24,2026-12-01,7,economy,1,18939,Lufthansa,1 stop,13 hr 45 min,https://www.google.com/travel/flights?q=Flights%20from%20MEX%20to%20AMS%20on%202026-11-24%20returning%202026-12-01%20economy%20class%201%20passenger
2026-05-26 19:50:56,MEX,AMS,2026-11-24,2026-12-02,8,economy,1,18922,Lufthansa,1 stop,14 hr 20 min,https://www.google.com/travel/flights?q=Flights%20from%20MEX%20to%20AMS%20on%202026-11-24%20returning%202026-12-02%20economy%20class%201%20passenger
2026-05-26 19:51:15,MEX,AMS,2026-11-25,2026-12-02,7,economy,1,18282,Aeromexico,Nonstop,10 hr 40 min,https://www.google.com/travel/flights?q=Flights%20from%20MEX%20to%20AMS%20on%202026-11-25%20returning%202026-12-02%20economy%20class%201%20passenger
2026-05-26 19:51:35,MEX,AMS,2026-11-22,2026-11-29,7,business,1,67930,Aeromexico,2 stops,21 hr,https://www.google.com/travel/flights?q=Flights%20from%20MEX%20to%20AMS%20on%202026-11-22%20returning%202026-11-29%20business%20class%201%20passenger
2026-05-26 19:51:54,MEX,AMS,2026-11-22,2026-11-30,8,business,1,67930,Aeromexico,2 stops,21 hr,https://www.google.com/travel/flights?q=Flights%20from%20MEX%20to%20AMS%20on%202026-11-22%20returning%202026-11-30%20business%20class%201%20passenger
2026-05-26 19:52:32,MEX,AMS,2026-11-23,2026-12-01,8,business,1,67930,Aeromexico,2 stops,21 hr,https://www.google.com/travel/flights?q=Flights%20from%20MEX%20to%20AMS%20on%202026-11-23%20returning%202026-12-01%20business%20class%201%20passenger
2026-05-26 19:52:52,MEX,AMS,2026-11-24,2026-12-01,7,business,1,67930,Aeromexico,2 stops,21 hr,https://www.google.com/travel/flights?q=Flights%20from%20MEX%20to%20AMS%20on%202026-11-24%20returning%202026-12-01%20business%20class%201%20passenger
2026-05-26 19:53:11,MEX,AMS,2026-11-24,2026-12-02,8,business,1,67930,Aeromexico,2 stops,21 hr,https://www.google.com/travel/flights?q=Flights%20from%20MEX%20to%20AMS%20on%202026-11-24%20returning%202026-12-02%20business%20class%201%20passenger
2026-05-26 19:53:30,MEX,AMS,2026-11-25,2026-12-02,7,business,1,67307,Aeromexico,1 stop,15 hr 15 min,https://www.google.com/travel/flights?q=Flights%20from%20MEX%20to%20AMS%20on%202026-11-25%20returning%202026-12-02%20business%20class%201%20passenger
2026-05-27 00:27:13,MEX,NRT,2026-11-23,2026-11-30,7,economy,1,27545,Unknown,Unknown,Unknown,https://www.google.com/travel/flights?q=Flights%20from%20MEX%20to%20NRT%20on%202026-11-23%20returning%202026-11-30%20economy%20class%201%20passenger
2026-05-27 00:27:15,MEX,NRT,2026-11-23,2026-12-01,8,economy,1,27044,Unknown,Unknown,Unknown,https://www.google.com/travel/flights?q=Flights%20from%20MEX%20to%20NRT%20on%202026-11-23%20returning%202026-12-01%20economy%20class%201%20passenger
2026-05-27 00:27:16,MEX,NRT,2026-11-24,2026-12-01,7,economy,1,27044,Unknown,Unknown,Unknown,https://www.google.com/travel/flights?q=Flights%20from%20MEX%20to%20NRT%20on%202026-11-24%20returning%202026-12-01%20economy%20class%201%20passenger
2026-05-27 00:27:17,MEX,NRT,2026-11-24,2026-12-02,8,economy,1,28824,Unknown,Unknown,Unknown,https://www.google.com/travel/flights?q=Flights%20from%20MEX%20to%20NRT%20on%202026-11-24%20returning%202026-12-02%20economy%20class%201%20passenger
2026-05-27 00:27:18,MEX,NRT,2026-11-25,2026-12-02,7,economy,1,28824,Unknown,Unknown,Unknown,https://www.google.com/travel/flights?q=Flights%20from%20MEX%20to%20NRT%20on%202026-11-25%20returning%202026-12-02%20economy%20class%201%20passenger
2026-05-27 00:27:20,MEX,NRT,2026-11-25,2026-12-03,8,economy,1,29722,Unknown,Unknown,Unknown,https://www.google.com/travel/flights?q=Flights%20from%20MEX%20to%20NRT%20on%202026-11-25%20returning%202026-12-03%20economy%20class%201%20passenger
2026-05-27 00:27:21,MEX,NRT,2026-11-26,2026-12-03,7,economy,1,28495,Unknown,Unknown,Unknown,https://www.google.com/travel/flights?q=Flights%20from%20MEX%20to%20NRT%20on%202026-11-26%20returning%202026-12-03%20economy%20class%201%20passenger
2026-05-27 00:27:22,MEX,NRT,2026-11-23,2026-11-30,7,business,1,49076,Unknown,1 stop,1 hr 31 min,https://www.google.com/travel/flights?q=Flights%20from%20MEX%20to%20NRT%20on%202026-11-23%20returning%202026-11-30%20business%20class%201%20passenger
2026-05-27 00:27:23,MEX,NRT,2026-11-23,2026-12-01,8,business,1,49076,Unknown,1 stop,1 hr 30 min,https://www.google.com/travel/flights?q=Flights%20from%20MEX%20to%20NRT%20on%202026-11-23%20returning%202026-12-01%20business%20class%201%20passenger
2026-05-27 00:27:25,MEX,NRT,2026-11-24,2026-12-01,7,business,1,41110,United,1 stop,17 hr 50 min,https://www.google.com/travel/flights?q=Flights%20from%20MEX%20to%20NRT%20on%202026-11-24%20returning%202026-12-01%20business%20class%201%20passenger
2026-05-27 00:27:26,MEX,NRT,2026-11-24,2026-12-02,8,business,1,57803,Unknown,1 stop,1 hr 30 min,https://www.google.com/travel/flights?q=Flights%20from%20MEX%20to%20NRT%20on%202026-11-24%20returning%202026-12-02%20business%20class%201%20passenger
2026-05-27 00:27:28,MEX,NRT,2026-11-25,2026-12-02,7,business,1,57803,Unknown,1 stop,1 hr 30 min,https://www.google.com/travel/flights?q=Flights%20from%20MEX%20to%20NRT%20on%202026-11-25%20returning%202026-12-02%20business%20class%201%20passenger
2026-05-27 00:27:29,MEX,NRT,2026-11-25,2026-12-03,8,business,1,57803,Unknown,1 stop,1 hr 30 min,https://www.google.com/travel/flights?q=Flights%20from%20MEX%20to%20NRT%20on%202026-11-25%20returning%202026-12-03%20business%20class%201%20passenger
2026-05-27 00:27:30,MEX,NRT,2026-11-26,2026-12-03,7,business,1,43443,United,1 stop,17 hr 50 min,https://www.google.com/travel/flights?q=Flights%20from%20MEX%20to%20NRT%20on%202026-11-26%20returning%202026-12-03%20business%20class%201%20passenger
2026-05-27 00:27:32,MEX,CDG,2026-11-23,2026-11-30,7,economy,1,17781,Unknown,Unknown,Unknown,https://www.google.com/travel/flights?q=Flights%20from%20MEX%20to%20CDG%20on%202026-11-23%20returning%202026-11-30%20economy%20class%201%20passenger
2026-05-27 00:27:33,MEX,CDG,2026-11-23,2026-12-01,8,economy,1,17781,Unknown,Unknown,Unknown,https://www.google.com/travel/flights?q=Flights%20from%20MEX%20to%20CDG%20on%202026-11-23%20returning%202026-12-01%20economy%20class%201%20passenger
2026-05-27 00:27:34,MEX,CDG,2026-11-24,2026-12-01,7,economy,1,17954,Unknown,Unknown,Unknown,https://www.google.com/travel/flights?q=Flights%20from%20MEX%20to%20CDG%20on%202026-11-24%20returning%202026-12-01%20economy%20class%201%20passenger
2026-05-27 00:27:35,MEX,CDG,2026-11-24,2026-12-02,8,economy,1,17349,Unknown,Unknown,Unknown,https://www.google.com/travel/flights?q=Flights%20from%20MEX%20to%20CDG%20on%202026-11-24%20returning%202026-12-02%20economy%20class%201%20passenger
2026-05-27 00:27:37,MEX,CDG,2026-11-25,2026-12-02,7,economy,1,17349,Unknown,Unknown,Unknown,https://www.google.com/travel/flights?q=Flights%20from%20MEX%20to%20CDG%20on%202026-11-25%20returning%202026-12-02%20economy%20class%201%20passenger
2026-05-27 00:27:38,MEX,CDG,2026-11-25,2026-12-03,8,economy,1,17349,Unknown,Unknown,Unknown,https://www.google.com/travel/flights?q=Flights%20from%20MEX%20to%20CDG%20on%202026-11-25%20returning%202026-12-03%20economy%20class%201%20passenger
2026-05-27 00:27:39,MEX,CDG,2026-11-26,2026-12-03,7,economy,1,18144,Unknown,Unknown,Unknown,https://www.google.com/travel/flights?q=Flights%20from%20MEX%20to%20CDG%20on%202026-11-26%20returning%202026-12-03%20economy%20class%201%20passenger
2026-05-27 00:27:41,MEX,CDG,2026-11-23,2026-11-30,7,business,1,55263,Unknown,Unknown,Unknown,https://www.google.com/travel/flights?q=Flights%20from%20MEX%20to%20CDG%20on%202026-11-23%20returning%202026-11-30%20business%20class%201%20passenger
2026-05-27 00:27:42,MEX,CDG,2026-11-23,2026-12-01,8,business,1,55367,Unknown,Unknown,Unknown,https://www.google.com/travel/flights?q=Flights%20from%20MEX%20to%20CDG%20on%202026-11-23%20returning%202026-12-01%20business%20class%201%20passenger
2026-05-27 00:27:44,MEX,CDG,2026-11-24,2026-12-01,7,business,1,55367,Unknown,Unknown,Unknown,https://www.google.com/travel/flights?q=Flights%20from%20MEX%20to%20CDG%20on%202026-11-24%20returning%202026-12-01%20business%20class%201%20passenger
2026-05-27 00:27:45,MEX,CDG,2026-11-24,2026-12-02,8,business,1,55367,Unknown,Unknown,Unknown,https://www.google.com/travel/flights?q=Flights%20from%20MEX%20to%20CDG%20on%202026-11-24%20returning%202026-12-02%20business%20class%201%20passenger
2026-05-27 00:27:46,MEX,CDG,2026-11-25,2026-12-02,7,business,1,55367,Unknown,Unknown,Unknown,https://www.google.com/travel/flights?q=Flights%20from%20MEX%20to%20CDG%20on%202026-11-25%20returning%202026-12-02%20business%20class%201%20passenger
2026-05-27 00:27:47,MEX,CDG,2026-11-25,2026-12-03,8,business,1,55367,Unknown,Unknown,Unknown,https://www.google.com/travel/flights?q=Flights%20from%20MEX%20to%20CDG%20on%202026-11-25%20returning%202026-12-03%20business%20class%201%20passenger
2026-05-27 00:27:48,MEX,CDG,2026-11-26,2026-12-03,7,business,1,55367,Unknown,Unknown,Unknown,https://www.google.com/travel/flights?q=Flights%20from%20MEX%20to%20CDG%20on%202026-11-26%20returning%202026-12-03%20business%20class%201%20passenger
2026-05-27 00:27:50,MEX,MAD,2026-11-23,2026-11-30,7,economy,1,15051,Unknown,Unknown,Unknown,https://www.google.com/travel/flights?q=Flights%20from%20MEX%20to%20MAD%20on%202026-11-23%20returning%202026-11-30%20economy%20class%201%20passenger
2026-05-27 00:27:51,MEX,MAD,2026-11-23,2026-12-01,8,economy,1,14377,Unknown,Unknown,Unknown,https://www.google.com/travel/flights?q=Flights%20from%20MEX%20to%20MAD%20on%202026-11-23%20returning%202026-12-01%20economy%20class%201%20passenger
2026-05-27 00:27:53,MEX,MAD,2026-11-24,2026-12-01,7,economy,1,14377,Unknown,Unknown,Unknown,https://www.google.com/travel/flights?q=Flights%20from%20MEX%20to%20MAD%20on%202026-11-24%20returning%202026-12-01%20economy%20class%201%20passenger
2026-05-27 00:27:54,MEX,MAD,2026-11-24,2026-12-02,8,economy,1,14377,Unknown,Unknown,Unknown,https://www.google.com/travel/flights?q=Flights%20from%20MEX%20to%20MAD%20on%202026-11-24%20returning%202026-12-02%20economy%20class%201%20passenger
2026-05-27 00:27:55,MEX,MAD,2026-11-25,2026-12-02,7,economy,1,14377,Unknown,Unknown,Unknown,https://www.google.com/travel/flights?q=Flights%20from%20MEX%20to%20MAD%20on%202026-11-25%20returning%202026-12-02%20economy%20class%201%20passenger
2026-05-27 00:27:56,MEX,MAD,2026-11-25,2026-12-03,8,economy,1,14377,Unknown,Unknown,Unknown,https://www.google.com/travel/flights?q=Flights%20from%20MEX%20to%20MAD%20on%202026-11-25%20returning%202026-12-03%20economy%20class%201%20passenger
2026-05-27 00:27:57,MEX,MAD,2026-11-26,2026-12-03,7,economy,1,15051,Unknown,Unknown,Unknown,https://www.google.com/travel/flights?q=Flights%20from%20MEX%20to%20MAD%20on%202026-11-26%20returning%202026-12-03%20economy%20class%201%20passenger
2026-05-27 00:28:00,MEX,MAD,2026-11-23,2026-11-30,7,business,1,43512,Unknown,Unknown,Unknown,https://www.google.com/travel/flights?q=Flights%20from%20MEX%20to%20MAD%20on%202026-11-23%20returning%202026-11-30%20business%20class%201%20passenger
2026-05-27 00:28:01,MEX,MAD,2026-11-23,2026-12-01,8,business,1,42890,Unknown,Unknown,Unknown,https://www.google.com/travel/flights?q=Flights%20from%20MEX%20to%20MAD%20on%202026-11-23%20returning%202026-12-01%20business%20class%201%20passenger
2026-05-27 00:28:02,MEX,MAD,2026-11-24,2026-12-01,7,business,1,42890,Unknown,Unknown,Unknown,https://www.google.com/travel/flights?q=Flights%20from%20MEX%20to%20MAD%20on%202026-11-24%20returning%202026-12-01%20business%20class%201%20passenger
2026-05-27 00:28:03,MEX,MAD,2026-11-24,2026-12-02,8,business,1,42890,Unknown,Unknown,Unknown,https://www.google.com/travel/flights?q=Flights%20from%20MEX%20to%20MAD%20on%202026-11-24%20returning%202026-12-02%20business%20class%201%20passenger
2026-05-27 00:28:04,MEX,MAD,2026-11-25,2026-12-02,7,business,1,42890,Unknown,Unknown,Unknown,https://www.google.com/travel/flights?q=Flights%20from%20MEX%20to%20MAD%20on%202026-11-25%20returning%202026-12-02%20business%20class%201%20passenger
2026-05-27 00:28:06,MEX,MAD,2026-11-25,2026-12-03,8,business,1,42890,Unknown,Unknown,Unknown,https://www.google.com/travel/flights?q=Flights%20from%20MEX%20to%20MAD%20on%202026-11-25%20returning%202026-12-03%20business%20class%201%20passenger
2026-05-27 00:28:07,MEX,MAD,2026-11-26,2026-12-03,7,business,1,47400,Unknown,Unknown,Unknown,https://www.google.com/travel/flights?q=Flights%20from%20MEX%20to%20MAD%20on%202026-11-26%20returning%202026-12-03%20business%20class%201%20passenger
2026-05-27 00:28:09,MEX,AMS,2026-11-23,2026-11-30,7,economy,1,18956,Unknown,Unknown,Unknown,https://www.google.com/travel/flights?q=Flights%20from%20MEX%20to%20AMS%20on%202026-11-23%20returning%202026-11-30%20economy%20class%201%20passenger
2026-05-27 00:28:10,MEX,AMS,2026-11-23,2026-12-01,8,economy,1,18956,Unknown,Unknown,Unknown,https://www.google.com/travel/flights?q=Flights%20from%20MEX%20to%20AMS%20on%202026-11-23%20returning%202026-12-01%20economy%20class%201%20passenger
2026-05-27 00:28:11,MEX,AMS,2026-11-24,2026-12-01,7,economy,1,18956,Unknown,Unknown,Unknown,https://www.google.com/travel/flights?q=Flights%20from%20MEX%20to%20AMS%20on%202026-11-24%20returning%202026-12-01%20economy%20class%201%20passenger
2026-05-27 00:28:13,MEX,AMS,2026-11-24,2026-12-02,8,economy,1,18939,Unknown,Unknown,Unknown,https://www.google.com/travel/flights?q=Flights%20from%20MEX%20to%20AMS%20on%202026-11-24%20returning%202026-12-02%20economy%20class%201%20passenger
2026-05-27 00:28:14,MEX,AMS,2026-11-25,2026-12-02,7,economy,1,18300,Unknown,Unknown,Unknown,https://www.google.com/travel/flights?q=Flights%20from%20MEX%20to%20AMS%20on%202026-11-25%20returning%202026-12-02%20economy%20class%201%20passenger
2026-05-27 00:28:15,MEX,AMS,2026-11-25,2026-12-03,8,economy,1,18956,Unknown,Unknown,Unknown,https://www.google.com/travel/flights?q=Flights%20from%20MEX%20to%20AMS%20on%202026-11-25%20returning%202026-12-03%20economy%20class%201%20passenger
2026-05-27 00:28:16,MEX,AMS,2026-11-26,2026-12-03,7,economy,1,18956,Unknown,Unknown,Unknown,https://www.google.com/travel/flights?q=Flights%20from%20MEX%20to%20AMS%20on%202026-11-26%20returning%202026-12-03%20economy%20class%201%20passenger
2026-05-27 00:28:18,MEX,AMS,2026-11-23,2026-11-30,7,business,1,67981,Unknown,Unknown,Unknown,https://www.google.com/travel/flights?q=Flights%20from%20MEX%20to%20AMS%20on%202026-11-23%20returning%202026-11-30%20business%20class%201%20passenger
2026-05-27 00:28:19,MEX,AMS,2026-11-23,2026-12-01,8,business,1,46985,Unknown,Unknown,Unknown,https://www.google.com/travel/flights?q=Flights%20from%20MEX%20to%20AMS%20on%202026-11-23%20returning%202026-12-01%20business%20class%201%20passenger
2026-05-27 00:28:20,MEX,AMS,2026-11-24,2026-12-01,7,business,1,46985,Unknown,Unknown,Unknown,https://www.google.com/travel/flights?q=Flights%20from%20MEX%20to%20AMS%20on%202026-11-24%20returning%202026-12-01%20business%20class%201%20passenger
2026-05-27 00:28:21,MEX,AMS,2026-11-24,2026-12-02,8,business,1,46985,Unknown,Unknown,Unknown,https://www.google.com/travel/flights?q=Flights%20from%20MEX%20to%20AMS%20on%202026-11-24%20returning%202026-12-02%20business%20class%201%20passenger
2026-05-27 00:28:23,MEX,AMS,2026-11-25,2026-12-02,7,business,1,46985,Unknown,Unknown,Unknown,https://www.google.com/travel/flights?q=Flights%20from%20MEX%20to%20AMS%20on%202026-11-25%20returning%202026-12-02%20business%20class%201%20passenger
2026-05-27 00:28:24,MEX,AMS,2026-11-25,2026-12-03,8,business,1,46985,Unknown,Unknown,Unknown,https://www.google.com/travel/flights?q=Flights%20from%20MEX%20to%20AMS%20on%202026-11-25%20returning%202026-12-03%20business%20class%201%20passenger
2026-05-27 00:28:25,MEX,AMS,2026-11-26,2026-12-03,7,business,1,46985,Unknown,Unknown,Unknown,https://www.google.com/travel/flights?q=Flights%20from%20MEX%20to%20AMS%20on%202026-11-26%20returning%202026-12-03%20business%20class%201%20passenger
2026-05-27 00:28:27,MEX,EDI,2026-11-23,2026-11-30,7,economy,1,16900,Unknown,Unknown,Unknown,https://www.google.com/travel/flights?q=Flights%20from%20MEX%20to%20EDI%20on%202026-11-23%20returning%202026-11-30%20economy%20class%201%20passenger
2026-05-27 00:28:28,MEX,EDI,2026-11-23,2026-12-01,8,economy,1,17004,Unknown,Unknown,Unknown,https://www.google.com/travel/flights?q=Flights%20from%20MEX%20to%20EDI%20on%202026-11-23%20returning%202026-12-01%20economy%20class%201%20passenger
2026-05-27 00:28:30,MEX,EDI,2026-11-24,2026-12-01,7,economy,1,17125,Unknown,Unknown,Unknown,https://www.google.com/travel/flights?q=Flights%20from%20MEX%20to%20EDI%20on%202026-11-24%20returning%202026-12-01%20economy%20class%201%20passenger
2026-05-27 00:28:31,MEX,EDI,2026-11-24,2026-12-02,8,economy,1,16623,Unknown,Unknown,Unknown,https://www.google.com/travel/flights?q=Flights%20from%20MEX%20to%20EDI%20on%202026-11-24%20returning%202026-12-02%20economy%20class%201%20passenger
2026-05-27 00:28:32,MEX,EDI,2026-11-25,2026-12-02,7,economy,1,16416,Unknown,Unknown,Unknown,https://www.google.com/travel/flights?q=Flights%20from%20MEX%20to%20EDI%20on%202026-11-25%20returning%202026-12-02%20economy%20class%201%20passenger
2026-05-27 00:28:33,MEX,EDI,2026-11-25,2026-12-03,8,economy,1,16900,Unknown,Unknown,Unknown,https://www.google.com/travel/flights?q=Flights%20from%20MEX%20to%20EDI%20on%202026-11-25%20returning%202026-12-03%20economy%20class%201%20passenger
2026-05-27 00:28:35,MEX,EDI,2026-11-26,2026-12-03,7,economy,1,18110,Unknown,Unknown,Unknown,https://www.google.com/travel/flights?q=Flights%20from%20MEX%20to%20EDI%20on%202026-11-26%20returning%202026-12-03%20economy%20class%201%20passenger
2026-05-27 00:28:37,MEX,EDI,2026-11-23,2026-11-30,7,business,1,61190,Unknown,Unknown,Unknown,https://www.google.com/travel/flights?q=Flights%20from%20MEX%20to%20EDI%20on%202026-11-23%20returning%202026-11-30%20business%20class%201%20passenger
2026-05-27 00:28:38,MEX,EDI,2026-11-23,2026-12-01,8,business,1,61190,Unknown,Unknown,Unknown,https://www.google.com/travel/flights?q=Flights%20from%20MEX%20to%20EDI%20on%202026-11-23%20returning%202026-12-01%20business%20class%201%20passenger
2026-05-27 00:28:39,MEX,EDI,2026-11-24,2026-12-01,7,business,1,61138,Unknown,Unknown,Unknown,https://www.google.com/travel/flights?q=Flights%20from%20MEX%20to%20EDI%20on%202026-11-24%20returning%202026-12-01%20business%20class%201%20passenger
2026-05-27 00:28:40,MEX,EDI,2026-11-24,2026-12-02,8,business,1,61138,Unknown,Unknown,Unknown,https://www.google.com/travel/flights?q=Flights%20from%20MEX%20to%20EDI%20on%202026-11-24%20returning%202026-12-02%20business%20class%201%20passenger
2026-05-27 00:28:41,MEX,EDI,2026-11-25,2026-12-02,7,business,1,61138,Unknown,Unknown,Unknown,https://www.google.com/travel/flights?q=Flights%20from%20MEX%20to%20EDI%20on%202026-11-25%20returning%202026-12-02%20business%20class%201%20passenger
2026-05-27 00:28:43,MEX,EDI,2026-11-25,2026-12-03,8,business,1,61138,Unknown,Unknown,Unknown,https://www.google.com/travel/flights?q=Flights%20from%20MEX%20to%20EDI%20on%202026-11-25%20returning%202026-12-03%20business%20class%201%20passenger
2026-05-27 00:28:44,MEX,EDI,2026-11-26,2026-12-03,7,business,1,61173,Unknown,Unknown,Unknown,https://www.google.com/travel/flights?q=Flights%20from%20MEX%20to%20EDI%20on%202026-11-26%20returning%202026-12-03%20business%20class%201%20passenger
2026-05-27 00:28:46,MEX,DUB,2026-11-23,2026-11-30,7,economy,1,15483,Unknown,Unknown,Unknown,https://www.google.com/travel/flights?q=Flights%20from%20MEX%20to%20DUB%20on%202026-11-23%20returning%202026-11-30%20economy%20class%201%20passenger
2026-05-27 00:28:47,MEX,DUB,2026-11-23,2026-12-01,8,economy,1,15483,Unknown,Unknown,Unknown,https://www.google.com/travel/flights?q=Flights%20from%20MEX%20to%20DUB%20on%202026-11-23%20returning%202026-12-01%20economy%20class%201%20passenger
2026-05-27 00:28:48,MEX,DUB,2026-11-24,2026-12-01,7,economy,1,15483,Unknown,Unknown,Unknown,https://www.google.com/travel/flights?q=Flights%20from%20MEX%20to%20DUB%20on%202026-11-24%20returning%202026-12-01%20economy%20class%201%20passenger
2026-05-27 00:28:49,MEX,DUB,2026-11-24,2026-12-02,8,economy,1,15483,Unknown,Unknown,Unknown,https://www.google.com/travel/flights?q=Flights%20from%20MEX%20to%20DUB%20on%202026-11-24%20returning%202026-12-02%20economy%20class%201%20passenger
2026-05-27 00:28:51,MEX,DUB,2026-11-25,2026-12-02,7,economy,1,15483,Unknown,Unknown,Unknown,https://www.google.com/travel/flights?q=Flights%20from%20MEX%20to%20DUB%20on%202026-11-25%20returning%202026-12-02%20economy%20class%201%20passenger
2026-05-27 00:28:52,MEX,DUB,2026-11-25,2026-12-03,8,economy,1,15863,Unknown,Unknown,Unknown,https://www.google.com/travel/flights?q=Flights%20from%20MEX%20to%20DUB%20on%202026-11-25%20returning%202026-12-03%20economy%20class%201%20passenger
2026-05-27 00:28:53,MEX,DUB,2026-11-26,2026-12-03,7,economy,1,15932,Unknown,Unknown,Unknown,https://www.google.com/travel/flights?q=Flights%20from%20MEX%20to%20DUB%20on%202026-11-26%20returning%202026-12-03%20economy%20class%201%20passenger
2026-05-27 00:28:55,MEX,DUB,2026-11-23,2026-11-30,7,business,1,58944,Unknown,Unknown,Unknown,https://www.google.com/travel/flights?q=Flights%20from%20MEX%20to%20DUB%20on%202026-11-23%20returning%202026-11-30%20business%20class%201%20passenger
2026-05-27 00:28:56,MEX,DUB,2026-11-23,2026-12-01,8,business,1,58080,Unknown,Unknown,Unknown,https://www.google.com/travel/flights?q=Flights%20from%20MEX%20to%20DUB%20on%202026-11-23%20returning%202026-12-01%20business%20class%201%20passenger
2026-05-27 00:28:57,MEX,DUB,2026-11-24,2026-12-01,7,business,1,58080,Unknown,Unknown,Unknown,https://www.google.com/travel/flights?q=Flights%20from%20MEX%20to%20DUB%20on%202026-11-24%20returning%202026-12-01%20business%20class%201%20passenger
2026-05-27 00:28:58,MEX,DUB,2026-11-24,2026-12-02,8,business,1,58080,Unknown,Unknown,Unknown,https://www.google.com/travel/flights?q=Flights%20from%20MEX%20to%20DUB%20on%202026-11-24%20returning%202026-12-02%20business%20class%201%20passenger
2026-05-27 00:29:00,MEX,DUB,2026-11-25,2026-12-02,7,business,1,58944,Unknown,Unknown,Unknown,https://www.google.com/travel/flights?q=Flights%20from%20MEX%20to%20DUB%20on%202026-11-25%20returning%202026-12-02%20business%20class%201%20passenger
2026-05-27 00:29:01,MEX,DUB,2026-11-25,2026-12-03,8,business,1,58944,Unknown,Unknown,Unknown,https://www.google.com/travel/flights?q=Flights%20from%20MEX%20to%20DUB%20on%202026-11-25%20returning%202026-12-03%20business%20class%201%20passenger
2026-05-27 00:29:02,MEX,DUB,2026-11-26,2026-12-03,7,business,1,59376,Unknown,Unknown,Unknown,https://www.google.com/travel/flights?q=Flights%20from%20MEX%20to%20DUB%20on%202026-11-26%20returning%202026-12-03%20business%20class%201%20passenger
2026-05-27 00:44:20,MEX,NRT,2026-11-23,2026-11-30,7,economy,1,27545,Unknown,Unknown,Unknown,https://www.google.com/travel/flights?q=Flights%20from%20MEX%20to%20NRT%20on%202026-11-23%20returning%202026-11-30%20economy%20class%201%20passenger
2026-05-27 00:44:22,MEX,NRT,2026-11-23,2026-12-01,8,economy,1,27044,Unknown,Unknown,Unknown,https://www.google.com/travel/flights?q=Flights%20from%20MEX%20to%20NRT%20on%202026-11-23%20returning%202026-12-01%20economy%20class%201%20passenger
2026-05-27 00:44:23,MEX,NRT,2026-11-24,2026-12-01,7,economy,1,27044,Unknown,Unknown,Unknown,https://www.google.com/travel/flights?q=Flights%20from%20MEX%20to%20NRT%20on%202026-11-24%20returning%202026-12-01%20economy%20class%201%20passenger
2026-05-27 00:44:25,MEX,NRT,2026-11-24,2026-12-02,8,economy,1,28824,Unknown,Unknown,Unknown,https://www.google.com/travel/flights?q=Flights%20from%20MEX%20to%20NRT%20on%202026-11-24%20returning%202026-12-02%20economy%20class%201%20passenger
2026-05-27 00:44:26,MEX,NRT,2026-11-25,2026-12-02,7,economy,1,28824,Unknown,Unknown,Unknown,https://www.google.com/travel/flights?q=Flights%20from%20MEX%20to%20NRT%20on%202026-11-25%20returning%202026-12-02%20economy%20class%201%20passenger
2026-05-27 00:44:27,MEX,NRT,2026-11-25,2026-12-03,8,economy,1,29722,Unknown,Unknown,Unknown,https://www.google.com/travel/flights?q=Flights%20from%20MEX%20to%20NRT%20on%202026-11-25%20returning%202026-12-03%20economy%20class%201%20passenger
2026-05-27 00:44:29,MEX,NRT,2026-11-26,2026-12-03,7,economy,1,28495,Unknown,Unknown,Unknown,https://www.google.com/travel/flights?q=Flights%20from%20MEX%20to%20NRT%20on%202026-11-26%20returning%202026-12-03%20economy%20class%201%20passenger
2026-05-27 00:44:30,MEX,NRT,2026-11-23,2026-11-30,7,business,1,49076,Unknown,1 stop,1 hr 31 min,https://www.google.com/travel/flights?q=Flights%20from%20MEX%20to%20NRT%20on%202026-11-23%20returning%202026-11-30%20business%20class%201%20passenger
2026-05-27 00:44:31,MEX,NRT,2026-11-23,2026-12-01,8,business,1,49076,Unknown,1 stop,1 hr 30 min,https://www.google.com/travel/flights?q=Flights%20from%20MEX%20to%20NRT%20on%202026-11-23%20returning%202026-12-01%20business%20class%201%20passenger
2026-05-27 00:44:33,MEX,NRT,2026-11-24,2026-12-01,7,business,1,41110,United,1 stop,17 hr 50 min,https://www.google.com/travel/flights?q=Flights%20from%20MEX%20to%20NRT%20on%202026-11-24%20returning%202026-12-01%20business%20class%201%20passenger
2026-05-27 00:44:34,MEX,NRT,2026-11-24,2026-12-02,8,business,1,57803,Unknown,1 stop,1 hr 30 min,https://www.google.com/travel/flights?q=Flights%20from%20MEX%20to%20NRT%20on%202026-11-24%20returning%202026-12-02%20business%20class%201%20passenger
2026-05-27 00:44:35,MEX,NRT,2026-11-25,2026-12-02,7,business,1,57803,Unknown,1 stop,1 hr 30 min,https://www.google.com/travel/flights?q=Flights%20from%20MEX%20to%20NRT%20on%202026-11-25%20returning%202026-12-02%20business%20class%201%20passenger
2026-05-27 00:44:36,MEX,NRT,2026-11-25,2026-12-03,8,business,1,57803,Unknown,1 stop,1 hr 30 min,https://www.google.com/travel/flights?q=Flights%20from%20MEX%20to%20NRT%20on%202026-11-25%20returning%202026-12-03%20business%20class%201%20passenger
2026-05-27 00:44:38,MEX,NRT,2026-11-26,2026-12-03,7,business,1,43443,United,1 stop,17 hr 50 min,https://www.google.com/travel/flights?q=Flights%20from%20MEX%20to%20NRT%20on%202026-11-26%20returning%202026-12-03%20business%20class%201%20passenger
2026-05-27 00:44:40,MEX,CDG,2026-11-23,2026-11-30,7,economy,1,17781,Unknown,Unknown,Unknown,https://www.google.com/travel/flights?q=Flights%20from%20MEX%20to%20CDG%20on%202026-11-23%20returning%202026-11-30%20economy%20class%201%20passenger
2026-05-27 00:44:41,MEX,CDG,2026-11-23,2026-12-01,8,economy,1,17781,Unknown,Unknown,Unknown,https://www.google.com/travel/flights?q=Flights%20from%20MEX%20to%20CDG%20on%202026-11-23%20returning%202026-12-01%20economy%20class%201%20passenger
2026-05-27 00:44:42,MEX,CDG,2026-11-24,2026-12-01,7,economy,1,17954,Unknown,Unknown,Unknown,https://www.google.com/travel/flights?q=Flights%20from%20MEX%20to%20CDG%20on%202026-11-24%20returning%202026-12-01%20economy%20class%201%20passenger
2026-05-27 00:44:44,MEX,CDG,2026-11-24,2026-12-02,8,economy,1,17349,Unknown,Unknown,Unknown,https://www.google.com/travel/flights?q=Flights%20from%20MEX%20to%20CDG%20on%202026-11-24%20returning%202026-12-02%20economy%20class%201%20passenger
2026-05-27 00:44:45,MEX,CDG,2026-11-25,2026-12-02,7,economy,1,17349,Unknown,Unknown,Unknown,https://www.google.com/travel/flights?q=Flights%20from%20MEX%20to%20CDG%20on%202026-11-25%20returning%202026-12-02%20economy%20class%201%20passenger
2026-05-27 00:44:46,MEX,CDG,2026-11-25,2026-12-03,8,economy,1,17349,Unknown,Unknown,Unknown,https://www.google.com/travel/flights?q=Flights%20from%20MEX%20to%20CDG%20on%202026-11-25%20returning%202026-12-03%20economy%20class%201%20passenger
2026-05-27 00:44:48,MEX,CDG,2026-11-26,2026-12-03,7,economy,1,18144,Unknown,Unknown,Unknown,https://www.google.com/travel/flights?q=Flights%20from%20MEX%20to%20CDG%20on%202026-11-26%20returning%202026-12-03%20economy%20class%201%20passenger
2026-05-27 00:44:50,MEX,CDG,2026-11-23,2026-11-30,7,business,1,55263,Unknown,Unknown,Unknown,https://www.google.com/travel/flights?q=Flights%20from%20MEX%20to%20CDG%20on%202026-11-23%20returning%202026-11-30%20business%20class%201%20passenger
2026-05-27 00:44:51,MEX,CDG,2026-11-23,2026-12-01,8,business,1,55367,Unknown,Unknown,Unknown,https://www.google.com/travel/flights?q=Flights%20from%20MEX%20to%20CDG%20on%202026-11-23%20returning%202026-12-01%20business%20class%201%20passenger
2026-05-27 00:44:52,MEX,CDG,2026-11-24,2026-12-01,7,business,1,55367,Unknown,Unknown,Unknown,https://www.google.com/travel/flights?q=Flights%20from%20MEX%20to%20CDG%20on%202026-11-24%20returning%202026-12-01%20business%20class%201%20passenger
2026-05-27 00:44:53,MEX,CDG,2026-11-24,2026-12-02,8,business,1,55367,Unknown,Unknown,Unknown,https://www.google.com/travel/flights?q=Flights%20from%20MEX%20to%20CDG%20on%202026-11-24%20returning%202026-12-02%20business%20class%201%20passenger
2026-05-27 00:44:55,MEX,CDG,2026-11-25,2026-12-02,7,business,1,55367,Unknown,Unknown,Unknown,https://www.google.com/travel/flights?q=Flights%20from%20MEX%20to%20CDG%20on%202026-11-25%20returning%202026-12-02%20business%20class%201%20passenger
2026-05-27 00:44:56,MEX,CDG,2026-11-25,2026-12-03,8,business,1,55367,Unknown,Unknown,Unknown,https://www.google.com/travel/flights?q=Flights%20from%20MEX%20to%20CDG%20on%202026-11-25%20returning%202026-12-03%20business%20class%201%20passenger
2026-05-27 00:44:57,MEX,CDG,2026-11-26,2026-12-03,7,business,1,55367,Unknown,Unknown,Unknown,https://www.google.com/travel/flights?q=Flights%20from%20MEX%20to%20CDG%20on%202026-11-26%20returning%202026-12-03%20business%20class%201%20passenger
2026-05-27 00:44:59,MEX,MAD,2026-11-23,2026-11-30,7,economy,1,15051,Unknown,Unknown,Unknown,https://www.google.com/travel/flights?q=Flights%20from%20MEX%20to%20MAD%20on%202026-11-23%20returning%202026-11-30%20economy%20class%201%20passenger
2026-05-27 00:45:00,MEX,MAD,2026-11-23,2026-12-01,8,economy,1,14377,Unknown,Unknown,Unknown,https://www.google.com/travel/flights?q=Flights%20from%20MEX%20to%20MAD%20on%202026-11-23%20returning%202026-12-01%20economy%20class%201%20passenger
2026-05-27 00:45:02,MEX,MAD,2026-11-24,2026-12-01,7,economy,1,14377,Unknown,Unknown,Unknown,https://www.google.com/travel/flights?q=Flights%20from%20MEX%20to%20MAD%20on%202026-11-24%20returning%202026-12-01%20economy%20class%201%20passenger
2026-05-27 00:45:03,MEX,MAD,2026-11-24,2026-12-02,8,economy,1,14377,Unknown,Unknown,Unknown,https://www.google.com/travel/flights?q=Flights%20from%20MEX%20to%20MAD%20on%202026-11-24%20returning%202026-12-02%20economy%20class%201%20passenger
2026-05-27 00:45:04,MEX,MAD,2026-11-25,2026-12-02,7,economy,1,14377,Unknown,Unknown,Unknown,https://www.google.com/travel/flights?q=Flights%20from%20MEX%20to%20MAD%20on%202026-11-25%20returning%202026-12-02%20economy%20class%201%20passenger
2026-05-27 00:45:05,MEX,MAD,2026-11-25,2026-12-03,8,economy,1,14377,Unknown,Unknown,Unknown,https://www.google.com/travel/flights?q=Flights%20from%20MEX%20to%20MAD%20on%202026-11-25%20returning%202026-12-03%20economy%20class%201%20passenger
2026-05-27 00:45:07,MEX,MAD,2026-11-26,2026-12-03,7,economy,1,15051,Unknown,Unknown,Unknown,https://www.google.com/travel/flights?q=Flights%20from%20MEX%20to%20MAD%20on%202026-11-26%20returning%202026-12-03%20economy%20class%201%20passenger
2026-05-27 00:45:09,MEX,MAD,2026-11-23,2026-11-30,7,business,1,43512,Unknown,Unknown,Unknown,https://www.google.com/travel/flights?q=Flights%20from%20MEX%20to%20MAD%20on%202026-11-23%20returning%202026-11-30%20business%20class%201%20passenger
2026-05-27 00:45:10,MEX,MAD,2026-11-23,2026-12-01,8,business,1,42890,Unknown,Unknown,Unknown,https://www.google.com/travel/flights?q=Flights%20from%20MEX%20to%20MAD%20on%202026-11-23%20returning%202026-12-01%20business%20class%201%20passenger
2026-05-27 00:45:11,MEX,MAD,2026-11-24,2026-12-01,7,business,1,42890,Unknown,Unknown,Unknown,https://www.google.com/travel/flights?q=Flights%20from%20MEX%20to%20MAD%20on%202026-11-24%20returning%202026-12-01%20business%20class%201%20passenger
2026-05-27 00:45:12,MEX,MAD,2026-11-24,2026-12-02,8,business,1,42890,Unknown,Unknown,Unknown,https://www.google.com/travel/flights?q=Flights%20from%20MEX%20to%20MAD%20on%202026-11-24%20returning%202026-12-02%20business%20class%201%20passenger
2026-05-27 00:45:14,MEX,MAD,2026-11-25,2026-12-02,7,business,1,42890,Unknown,Unknown,Unknown,https://www.google.com/travel/flights?q=Flights%20from%20MEX%20to%20MAD%20on%202026-11-25%20returning%202026-12-02%20business%20class%201%20passenger
2026-05-27 00:45:15,MEX,MAD,2026-11-25,2026-12-03,8,business,1,42890,Unknown,Unknown,Unknown,https://www.google.com/travel/flights?q=Flights%20from%20MEX%20to%20MAD%20on%202026-11-25%20returning%202026-12-03%20business%20class%201%20passenger
2026-05-27 00:45:16,MEX,MAD,2026-11-26,2026-12-03,7,business,1,47400,Unknown,Unknown,Unknown,https://www.google.com/travel/flights?q=Flights%20from%20MEX%20to%20MAD%20on%202026-11-26%20returning%202026-12-03%20business%20class%201%20passenger
2026-05-27 00:45:18,MEX,AMS,2026-11-23,2026-11-30,7,economy,1,18939,Unknown,Unknown,Unknown,https://www.google.com/travel/flights?q=Flights%20from%20MEX%20to%20AMS%20on%202026-11-23%20returning%202026-11-30%20economy%20class%201%20passenger
2026-05-27 00:45:19,MEX,AMS,2026-11-23,2026-12-01,8,economy,1,18939,Unknown,Unknown,Unknown,https://www.google.com/travel/flights?q=Flights%20from%20MEX%20to%20AMS%20on%202026-11-23%20returning%202026-12-01%20economy%20class%201%20passenger
2026-05-27 00:45:21,MEX,AMS,2026-11-24,2026-12-01,7,economy,1,18939,Unknown,Unknown,Unknown,https://www.google.com/travel/flights?q=Flights%20from%20MEX%20to%20AMS%20on%202026-11-24%20returning%202026-12-01%20economy%20class%201%20passenger
2026-05-27 00:45:22,MEX,AMS,2026-11-24,2026-12-02,8,economy,1,18939,Unknown,Unknown,Unknown,https://www.google.com/travel/flights?q=Flights%20from%20MEX%20to%20AMS%20on%202026-11-24%20returning%202026-12-02%20economy%20class%201%20passenger
2026-05-27 00:45:23,MEX,AMS,2026-11-25,2026-12-02,7,economy,1,18300,Unknown,Unknown,Unknown,https://www.google.com/travel/flights?q=Flights%20from%20MEX%20to%20AMS%20on%202026-11-25%20returning%202026-12-02%20economy%20class%201%20passenger
2026-05-27 00:45:24,MEX,AMS,2026-11-25,2026-12-03,8,economy,1,18939,Unknown,Unknown,Unknown,https://www.google.com/travel/flights?q=Flights%20from%20MEX%20to%20AMS%20on%202026-11-25%20returning%202026-12-03%20economy%20class%201%20passenger
2026-05-27 00:45:26,MEX,AMS,2026-11-26,2026-12-03,7,economy,1,18939,Unknown,Unknown,Unknown,https://www.google.com/travel/flights?q=Flights%20from%20MEX%20to%20AMS%20on%202026-11-26%20returning%202026-12-03%20economy%20class%201%20passenger
2026-05-27 00:45:27,MEX,AMS,2026-11-23,2026-11-30,7,business,1,67981,Unknown,Unknown,Unknown,https://www.google.com/travel/flights?q=Flights%20from%20MEX%20to%20AMS%20on%202026-11-23%20returning%202026-11-30%20business%20class%201%20passenger
2026-05-27 00:45:29,MEX,AMS,2026-11-23,2026-12-01,8,business,1,67981,Unknown,Unknown,Unknown,https://www.google.com/travel/flights?q=Flights%20from%20MEX%20to%20AMS%20on%202026-11-23%20returning%202026-12-01%20business%20class%201%20passenger
2026-05-27 00:45:30,MEX,AMS,2026-11-24,2026-12-01,7,business,1,67981,Unknown,Unknown,Unknown,https://www.google.com/travel/flights?q=Flights%20from%20MEX%20to%20AMS%20on%202026-11-24%20returning%202026-12-01%20business%20class%201%20passenger
2026-05-27 00:45:31,MEX,AMS,2026-11-24,2026-12-02,8,business,1,67981,Unknown,Unknown,Unknown,https://www.google.com/travel/flights?q=Flights%20from%20MEX%20to%20AMS%20on%202026-11-24%20returning%202026-12-02%20business%20class%201%20passenger
2026-05-27 00:45:32,MEX,AMS,2026-11-25,2026-12-02,7,business,1,67359,Unknown,Unknown,Unknown,https://www.google.com/travel/flights?q=Flights%20from%20MEX%20to%20AMS%20on%202026-11-25%20returning%202026-12-02%20business%20class%201%20passenger
2026-05-27 00:45:34,MEX,AMS,2026-11-25,2026-12-03,8,business,1,67359,Unknown,Unknown,Unknown,https://www.google.com/travel/flights?q=Flights%20from%20MEX%20to%20AMS%20on%202026-11-25%20returning%202026-12-03%20business%20class%201%20passenger
2026-05-27 00:45:35,MEX,AMS,2026-11-26,2026-12-03,7,business,1,67325,Unknown,Unknown,Unknown,https://www.google.com/travel/flights?q=Flights%20from%20MEX%20to%20AMS%20on%202026-11-26%20returning%202026-12-03%20business%20class%201%20passenger
2026-05-27 00:45:37,MEX,EDI,2026-11-23,2026-11-30,7,economy,1,16900,Unknown,Unknown,Unknown,https://www.google.com/travel/flights?q=Flights%20from%20MEX%20to%20EDI%20on%202026-11-23%20returning%202026-11-30%20economy%20class%201%20passenger
2026-05-27 00:45:38,MEX,EDI,2026-11-23,2026-12-01,8,economy,1,17004,Unknown,Unknown,Unknown,https://www.google.com/travel/flights?q=Flights%20from%20MEX%20to%20EDI%20on%202026-11-23%20returning%202026-12-01%20economy%20class%201%20passenger
2026-05-27 00:45:40,MEX,EDI,2026-11-24,2026-12-01,7,economy,1,17125,Unknown,Unknown,Unknown,https://www.google.com/travel/flights?q=Flights%20from%20MEX%20to%20EDI%20on%202026-11-24%20returning%202026-12-01%20economy%20class%201%20passenger
2026-05-27 00:45:41,MEX,EDI,2026-11-24,2026-12-02,8,economy,1,16623,Unknown,Unknown,Unknown,https://www.google.com/travel/flights?q=Flights%20from%20MEX%20to%20EDI%20on%202026-11-24%20returning%202026-12-02%20economy%20class%201%20passenger
2026-05-27 00:45:43,MEX,EDI,2026-11-25,2026-12-02,7,economy,1,16416,Unknown,Unknown,Unknown,https://www.google.com/travel/flights?q=Flights%20from%20MEX%20to%20EDI%20on%202026-11-25%20returning%202026-12-02%20economy%20class%201%20passenger
2026-05-27 00:45:44,MEX,EDI,2026-11-25,2026-12-03,8,economy,1,16900,Unknown,Unknown,Unknown,https://www.google.com/travel/flights?q=Flights%20from%20MEX%20to%20EDI%20on%202026-11-25%20returning%202026-12-03%20economy%20class%201%20passenger
2026-05-27 00:45:45,MEX,EDI,2026-11-26,2026-12-03,7,economy,1,18110,Unknown,Unknown,Unknown,https://www.google.com/travel/flights?q=Flights%20from%20MEX%20to%20EDI%20on%202026-11-26%20returning%202026-12-03%20economy%20class%201%20passenger
2026-05-27 00:45:47,MEX,EDI,2026-11-23,2026-11-30,7,business,1,61190,Unknown,Unknown,Unknown,https://www.google.com/travel/flights?q=Flights%20from%20MEX%20to%20EDI%20on%202026-11-23%20returning%202026-11-30%20business%20class%201%20passenger
2026-05-27 00:45:49,MEX,EDI,2026-11-23,2026-12-01,8,business,1,61190,Unknown,Unknown,Unknown,https://www.google.com/travel/flights?q=Flights%20from%20MEX%20to%20EDI%20on%202026-11-23%20returning%202026-12-01%20business%20class%201%20passenger
2026-05-27 00:45:50,MEX,EDI,2026-11-24,2026-12-01,7,business,1,61138,Unknown,Unknown,Unknown,https://www.google.com/travel/flights?q=Flights%20from%20MEX%20to%20EDI%20on%202026-11-24%20returning%202026-12-01%20business%20class%201%20passenger
2026-05-27 00:45:51,MEX,EDI,2026-11-24,2026-12-02,8,business,1,61138,Unknown,Unknown,Unknown,https://www.google.com/travel/flights?q=Flights%20from%20MEX%20to%20EDI%20on%202026-11-24%20returning%202026-12-02%20business%20class%201%20passenger
2026-05-27 00:45:53,MEX,EDI,2026-11-25,2026-12-02,7,business,1,61138,Unknown,Unknown,Unknown,https://www.google.com/travel/flights?q=Flights%20from%20MEX%20to%20EDI%20on%202026-11-25%20returning%202026-12-02%20business%20class%201%20passenger
2026-05-27 00:45:54,MEX,EDI,2026-11-25,2026-12-03,8,business,1,61138,Unknown,Unknown,Unknown,https://www.google.com/travel/flights?q=Flights%20from%20MEX%20to%20EDI%20on%202026-11-25%20returning%202026-12-03%20business%20class%201%20passenger
2026-05-27 00:45:55,MEX,EDI,2026-11-26,2026-12-03,7,business,1,61173,Unknown,Unknown,Unknown,https://www.google.com/travel/flights?q=Flights%20from%20MEX%20to%20EDI%20on%202026-11-26%20returning%202026-12-03%20business%20class%201%20passenger
2026-05-27 00:45:57,MEX,DUB,2026-11-23,2026-11-30,7,economy,1,15483,Unknown,Unknown,Unknown,https://www.google.com/travel/flights?q=Flights%20from%20MEX%20to%20DUB%20on%202026-11-23%20returning%202026-11-30%20economy%20class%201%20passenger
2026-05-27 00:45:58,MEX,DUB,2026-11-23,2026-12-01,8,economy,1,15483,Unknown,Unknown,Unknown,https://www.google.com/travel/flights?q=Flights%20from%20MEX%20to%20DUB%20on%202026-11-23%20returning%202026-12-01%20economy%20class%201%20passenger
2026-05-27 00:45:59,MEX,DUB,2026-11-24,2026-12-01,7,economy,1,15483,Unknown,Unknown,Unknown,https://www.google.com/travel/flights?q=Flights%20from%20MEX%20to%20DUB%20on%202026-11-24%20returning%202026-12-01%20economy%20class%201%20passenger
2026-05-27 00:46:01,MEX,DUB,2026-11-24,2026-12-02,8,economy,1,15483,Unknown,Unknown,Unknown,https://www.google.com/travel/flights?q=Flights%20from%20MEX%20to%20DUB%20on%202026-11-24%20returning%202026-12-02%20economy%20class%201%20passenger
2026-05-27 00:46:02,MEX,DUB,2026-11-25,2026-12-02,7,economy,1,15483,Unknown,Unknown,Unknown,https://www.google.com/travel/flights?q=Flights%20from%20MEX%20to%20DUB%20on%202026-11-25%20returning%202026-12-02%20economy%20class%201%20passenger
2026-05-27 00:46:03,MEX,DUB,2026-11-25,2026-12-03,8,economy,1,15863,Unknown,Unknown,Unknown,https://www.google.com/travel/flights?q=Flights%20from%20MEX%20to%20DUB%20on%202026-11-25%20returning%202026-12-03%20economy%20class%201%20passenger
2026-05-27 00:46:04,MEX,DUB,2026-11-26,2026-12-03,7,economy,1,15932,Unknown,Unknown,Unknown,https://www.google.com/travel/flights?q=Flights%20from%20MEX%20to%20DUB%20on%202026-11-26%20returning%202026-12-03%20economy%20class%201%20passenger
2026-05-27 00:46:06,MEX,DUB,2026-11-23,2026-11-30,7,business,1,58944,Unknown,Unknown,Unknown,https://www.google.com/travel/flights?q=Flights%20from%20MEX%20to%20DUB%20on%202026-11-23%20returning%202026-11-30%20business%20class%201%20passenger
2026-05-27 00:46:08,MEX,DUB,2026-11-23,2026-12-01,8,business,1,58080,Unknown,Unknown,Unknown,https://www.google.com/travel/flights?q=Flights%20from%20MEX%20to%20DUB%20on%202026-11-23%20returning%202026-12-01%20business%20class%201%20passenger
2026-05-27 00:46:09,MEX,DUB,2026-11-24,2026-12-01,7,business,1,58080,Unknown,Unknown,Unknown,https://www.google.com/travel/flights?q=Flights%20from%20MEX%20to%20DUB%20on%202026-11-24%20returning%202026-12-01%20business%20class%201%20passenger
2026-05-27 00:46:10,MEX,DUB,2026-11-24,2026-12-02,8,business,1,58080,Unknown,Unknown,Unknown,https://www.google.com/travel/flights?q=Flights%20from%20MEX%20to%20DUB%20on%202026-11-24%20returning%202026-12-02%20business%20class%201%20passenger
2026-05-27 00:46:11,MEX,DUB,2026-11-25,2026-12-02,7,business,1,58944,Unknown,Unknown,Unknown,https://www.google.com/travel/flights?q=Flights%20from%20MEX%20to%20DUB%20on%202026-11-25%20returning%202026-12-02%20business%20class%201%20passenger
2026-05-27 00:46:12,MEX,DUB,2026-11-25,2026-12-03,8,business,1,58944,Unknown,Unknown,Unknown,https://www.google.com/travel/flights?q=Flights%20from%20MEX%20to%20DUB%20on%202026-11-25%20returning%202026-12-03%20business%20class%201%20passenger
2026-05-27 00:46:14,MEX,DUB,2026-11-26,2026-12-03,7,business,1,59376,Unknown,Unknown,Unknown,https://www.google.com/travel/flights?q=Flights%20from%20MEX%20to%20DUB%20on%202026-11-26%20returning%202026-12-03%20business%20class%201%20passenger
2026-05-27 00:46:16,MEX,FRA,2026-11-23,2026-11-30,7,economy,1,19025,Unknown,Unknown,Unknown,https://www.google.com/travel/flights?q=Flights%20from%20MEX%20to%20FRA%20on%202026-11-23%20returning%202026-11-30%20economy%20class%201%20passenger
2026-05-27 00:46:17,MEX,FRA,2026-11-23,2026-12-01,8,economy,1,18421,Unknown,Unknown,Unknown,https://www.google.com/travel/flights?q=Flights%20from%20MEX%20to%20FRA%20on%202026-11-23%20returning%202026-12-01%20economy%20class%201%20passenger
2026-05-27 00:46:18,MEX,FRA,2026-11-24,2026-12-01,7,economy,1,18421,Unknown,Unknown,Unknown,https://www.google.com/travel/flights?q=Flights%20from%20MEX%20to%20FRA%20on%202026-11-24%20returning%202026-12-01%20economy%20class%201%20passenger
2026-05-27 00:46:20,MEX,FRA,2026-11-24,2026-12-02,8,economy,1,18421,Unknown,Unknown,Unknown,https://www.google.com/travel/flights?q=Flights%20from%20MEX%20to%20FRA%20on%202026-11-24%20returning%202026-12-02%20economy%20class%201%20passenger
2026-05-27 00:46:21,MEX,FRA,2026-11-25,2026-12-02,7,economy,1,18421,Unknown,Unknown,Unknown,https://www.google.com/travel/flights?q=Flights%20from%20MEX%20to%20FRA%20on%202026-11-25%20returning%202026-12-02%20economy%20class%201%20passenger
2026-05-27 00:46:22,MEX,FRA,2026-11-25,2026-12-03,8,economy,1,18421,Unknown,Unknown,Unknown,https://www.google.com/travel/flights?q=Flights%20from%20MEX%20to%20FRA%20on%202026-11-25%20returning%202026-12-03%20economy%20class%201%20passenger
2026-05-27 00:46:23,MEX,FRA,2026-11-26,2026-12-03,7,economy,1,18956,Unknown,Unknown,Unknown,https://www.google.com/travel/flights?q=Flights%20from%20MEX%20to%20FRA%20on%202026-11-26%20returning%202026-12-03%20economy%20class%201%20passenger
2026-05-27 00:46:25,MEX,FRA,2026-11-23,2026-11-30,7,business,1,8674,Lufthansa,Nonstop,10 hr 45 min,https://www.google.com/travel/flights?q=Flights%20from%20MEX%20to%20FRA%20on%202026-11-23%20returning%202026-11-30%20business%20class%201%20passenger
2026-05-27 00:46:26,MEX,FRA,2026-11-23,2026-12-01,8,business,1,8674,Lufthansa,Nonstop,10 hr 45 min,https://www.google.com/travel/flights?q=Flights%20from%20MEX%20to%20FRA%20on%202026-11-23%20returning%202026-12-01%20business%20class%201%20passenger
2026-05-27 00:46:27,MEX,FRA,2026-11-24,2026-12-01,7,business,1,59307,Unknown,Unknown,Unknown,https://www.google.com/travel/flights?q=Flights%20from%20MEX%20to%20FRA%20on%202026-11-24%20returning%202026-12-01%20business%20class%201%20passenger
2026-05-27 00:46:29,MEX,FRA,2026-11-24,2026-12-02,8,business,1,59307,Unknown,Unknown,Unknown,https://www.google.com/travel/flights?q=Flights%20from%20MEX%20to%20FRA%20on%202026-11-24%20returning%202026-12-02%20business%20class%201%20passenger
2026-05-27 00:46:30,MEX,FRA,2026-11-25,2026-12-02,7,business,1,59307,Unknown,Unknown,Unknown,https://www.google.com/travel/flights?q=Flights%20from%20MEX%20to%20FRA%20on%202026-11-25%20returning%202026-12-02%20business%20class%201%20passenger
2026-05-27 00:46:31,MEX,FRA,2026-11-25,2026-12-03,8,business,1,59307,Unknown,Unknown,Unknown,https://www.google.com/travel/flights?q=Flights%20from%20MEX%20to%20FRA%20on%202026-11-25%20returning%202026-12-03%20business%20class%201%20passenger
2026-05-27 00:46:33,MEX,FRA,2026-11-26,2026-12-03,7,business,1,68085,Unknown,Unknown,Unknown,https://www.google.com/travel/flights?q=Flights%20from%20MEX%20to%20FRA%20on%202026-11-26%20returning%202026-12-03%20business%20class%201%20passenger
2026-05-27 02:45:41,MEX,NRT,2026-11-23,2026-11-30,7,economy,1,27586,Unknown,Unknown,Unknown,https://www.google.com/travel/flights?q=Flights%20from%20MEX%20to%20NRT%20on%202026-11-23%20returning%202026-11-30%20economy%20class%201%20passenger
2026-05-27 02:46:14,MEX,NRT,2026-11-24,2026-12-01,7,economy,1,28849,Unknown,Unknown,Unknown,https://www.google.com/travel/flights?q=Flights%20from%20MEX%20to%20NRT%20on%202026-11-24%20returning%202026-12-01%20economy%20class%201%20passenger
2026-05-27 02:46:15,MEX,NRT,2026-11-24,2026-12-02,8,economy,1,28849,Unknown,Unknown,Unknown,https://www.google.com/travel/flights?q=Flights%20from%20MEX%20to%20NRT%20on%202026-11-24%20returning%202026-12-02%20economy%20class%201%20passenger
2026-05-27 02:46:17,MEX,NRT,2026-11-25,2026-12-02,7,economy,1,29766,Unknown,Unknown,Unknown,https://www.google.com/travel/flights?q=Flights%20from%20MEX%20to%20NRT%20on%202026-11-25%20returning%202026-12-02%20economy%20class%201%20passenger
2026-05-27 02:46:49,MEX,NRT,2026-11-26,2026-12-03,7,economy,1,28537,Unknown,Unknown,Unknown,https://www.google.com/travel/flights?q=Flights%20from%20MEX%20to%20NRT%20on%202026-11-26%20returning%202026-12-03%20economy%20class%201%20passenger
2026-05-27 02:46:50,MEX,NRT,2026-11-23,2026-11-30,7,business,1,49132,Unknown,1 stop,1 hr 31 min,https://www.google.com/travel/flights?q=Flights%20from%20MEX%20to%20NRT%20on%202026-11-23%20returning%202026-11-30%20business%20class%201%20passenger
2026-05-27 02:46:52,MEX,NRT,2026-11-23,2026-12-01,8,business,1,97191,Unknown,Unknown,Unknown,https://www.google.com/travel/flights?q=Flights%20from%20MEX%20to%20NRT%20on%202026-11-23%20returning%202026-12-01%20business%20class%201%20passenger
2026-05-27 02:46:53,MEX,NRT,2026-11-24,2026-12-01,7,business,1,41154,United,1 stop,17 hr 50 min,https://www.google.com/travel/flights?q=Flights%20from%20MEX%20to%20NRT%20on%202026-11-24%20returning%202026-12-01%20business%20class%201%20passenger
2026-05-27 02:46:54,MEX,NRT,2026-11-24,2026-12-02,8,business,1,57872,Unknown,1 stop,1 hr 31 min,https://www.google.com/travel/flights?q=Flights%20from%20MEX%20to%20NRT%20on%202026-11-24%20returning%202026-12-02%20business%20class%201%20passenger
2026-05-27 02:46:56,MEX,NRT,2026-11-25,2026-12-02,7,business,1,57872,Unknown,1 stop,1 hr 31 min,https://www.google.com/travel/flights?q=Flights%20from%20MEX%20to%20NRT%20on%202026-11-25%20returning%202026-12-02%20business%20class%201%20passenger
2026-05-27 02:48:00,MEX,CDG,2026-11-23,2026-11-30,7,economy,1,17808,Unknown,Unknown,Unknown,https://www.google.com/travel/flights?q=Flights%20from%20MEX%20to%20CDG%20on%202026-11-23%20returning%202026-11-30%20economy%20class%201%20passenger
2026-05-27 02:48:01,MEX,CDG,2026-11-23,2026-12-01,8,economy,1,17808,Unknown,Unknown,Unknown,https://www.google.com/travel/flights?q=Flights%20from%20MEX%20to%20CDG%20on%202026-11-23%20returning%202026-12-01%20economy%20class%201%20passenger
2026-05-27 02:48:02,MEX,CDG,2026-11-24,2026-12-01,7,economy,1,17963,Unknown,Unknown,Unknown,https://www.google.com/travel/flights?q=Flights%20from%20MEX%20to%20CDG%20on%202026-11-24%20returning%202026-12-01%20economy%20class%201%20passenger
2026-05-27 02:48:03,MEX,CDG,2026-11-24,2026-12-02,8,economy,1,17358,Unknown,Unknown,Unknown,https://www.google.com/travel/flights?q=Flights%20from%20MEX%20to%20CDG%20on%202026-11-24%20returning%202026-12-02%20economy%20class%201%20passenger
2026-05-27 02:48:05,MEX,CDG,2026-11-25,2026-12-02,7,economy,1,17358,Unknown,Unknown,Unknown,https://www.google.com/travel/flights?q=Flights%20from%20MEX%20to%20CDG%20on%202026-11-25%20returning%202026-12-02%20economy%20class%201%20passenger
2026-05-27 02:48:06,MEX,CDG,2026-11-25,2026-12-03,8,economy,1,17358,Unknown,Unknown,Unknown,https://www.google.com/travel/flights?q=Flights%20from%20MEX%20to%20CDG%20on%202026-11-25%20returning%202026-12-03%20economy%20class%201%20passenger
2026-05-27 02:48:07,MEX,CDG,2026-11-26,2026-12-03,7,economy,1,18171,Unknown,Unknown,Unknown,https://www.google.com/travel/flights?q=Flights%20from%20MEX%20to%20CDG%20on%202026-11-26%20returning%202026-12-03%20economy%20class%201%20passenger
2026-05-27 02:48:41,MEX,CDG,2026-11-23,2026-12-01,8,business,1,55431,Unknown,Unknown,Unknown,https://www.google.com/travel/flights?q=Flights%20from%20MEX%20to%20CDG%20on%202026-11-23%20returning%202026-12-01%20business%20class%201%20passenger
2026-05-27 02:48:42,MEX,CDG,2026-11-24,2026-12-01,7,business,1,55431,Unknown,Unknown,Unknown,https://www.google.com/travel/flights?q=Flights%20from%20MEX%20to%20CDG%20on%202026-11-24%20returning%202026-12-01%20business%20class%201%20passenger
2026-05-27 02:48:43,MEX,CDG,2026-11-24,2026-12-02,8,business,1,55431,Unknown,Unknown,Unknown,https://www.google.com/travel/flights?q=Flights%20from%20MEX%20to%20CDG%20on%202026-11-24%20returning%202026-12-02%20business%20class%201%20passenger
2026-05-27 02:48:45,MEX,CDG,2026-11-25,2026-12-02,7,business,1,55431,Unknown,Unknown,Unknown,https://www.google.com/travel/flights?q=Flights%20from%20MEX%20to%20CDG%20on%202026-11-25%20returning%202026-12-02%20business%20class%201%20passenger
2026-05-27 02:49:17,MEX,CDG,2026-11-26,2026-12-03,7,business,1,55431,Unknown,Unknown,Unknown,https://www.google.com/travel/flights?q=Flights%20from%20MEX%20to%20CDG%20on%202026-11-26%20returning%202026-12-03%20business%20class%201%20passenger
2026-05-27 02:49:19,MEX,MAD,2026-11-23,2026-11-30,7,economy,1,15073,Unknown,Unknown,Unknown,https://www.google.com/travel/flights?q=Flights%20from%20MEX%20to%20MAD%20on%202026-11-23%20returning%202026-11-30%20economy%20class%201%20passenger
2026-05-27 02:49:20,MEX,MAD,2026-11-23,2026-12-01,8,economy,1,14381,Unknown,Unknown,Unknown,https://www.google.com/travel/flights?q=Flights%20from%20MEX%20to%20MAD%20on%202026-11-23%20returning%202026-12-01%20economy%20class%201%20passenger
2026-05-27 02:50:23,MEX,MAD,2026-11-25,2026-12-02,7,economy,1,14381,Unknown,Unknown,Unknown,https://www.google.com/travel/flights?q=Flights%20from%20MEX%20to%20MAD%20on%202026-11-25%20returning%202026-12-02%20economy%20class%201%20passenger
2026-05-27 02:50:24,MEX,MAD,2026-11-25,2026-12-03,8,economy,1,14381,Unknown,Unknown,Unknown,https://www.google.com/travel/flights?q=Flights%20from%20MEX%20to%20MAD%20on%202026-11-25%20returning%202026-12-03%20economy%20class%201%20passenger
2026-05-27 02:50:26,MEX,MAD,2026-11-26,2026-12-03,7,economy,1,15073,Unknown,Unknown,Unknown,https://www.google.com/travel/flights?q=Flights%20from%20MEX%20to%20MAD%20on%202026-11-26%20returning%202026-12-03%20economy%20class%201%20passenger
2026-05-27 02:51:29,MEX,MAD,2026-11-24,2026-12-01,7,business,1,42936,Unknown,Unknown,Unknown,https://www.google.com/travel/flights?q=Flights%20from%20MEX%20to%20MAD%20on%202026-11-24%20returning%202026-12-01%20business%20class%201%20passenger
2026-05-27 02:51:31,MEX,MAD,2026-11-24,2026-12-02,8,business,1,42936,Unknown,Unknown,Unknown,https://www.google.com/travel/flights?q=Flights%20from%20MEX%20to%20MAD%20on%202026-11-24%20returning%202026-12-02%20business%20class%201%20passenger
2026-05-27 02:51:32,MEX,MAD,2026-11-25,2026-12-02,7,business,1,42936,Unknown,Unknown,Unknown,https://www.google.com/travel/flights?q=Flights%20from%20MEX%20to%20MAD%20on%202026-11-25%20returning%202026-12-02%20business%20class%201%20passenger
2026-05-27 02:51:33,MEX,MAD,2026-11-25,2026-12-03,8,business,1,42936,Unknown,Unknown,Unknown,https://www.google.com/travel/flights?q=Flights%20from%20MEX%20to%20MAD%20on%202026-11-25%20returning%202026-12-03%20business%20class%201%20passenger
2026-05-27 02:52:06,MEX,AMS,2026-11-23,2026-11-30,7,economy,1,18967,Unknown,Unknown,Unknown,https://www.google.com/travel/flights?q=Flights%20from%20MEX%20to%20AMS%20on%202026-11-23%20returning%202026-11-30%20economy%20class%201%20passenger
2026-05-27 02:52:08,MEX,AMS,2026-11-23,2026-12-01,8,economy,1,18967,Unknown,Unknown,Unknown,https://www.google.com/travel/flights?q=Flights%20from%20MEX%20to%20AMS%20on%202026-11-23%20returning%202026-12-01%20economy%20class%201%20passenger
2026-05-27 02:52:09,MEX,AMS,2026-11-24,2026-12-01,7,economy,1,18967,Unknown,Unknown,Unknown,https://www.google.com/travel/flights?q=Flights%20from%20MEX%20to%20AMS%20on%202026-11-24%20returning%202026-12-01%20economy%20class%201%20passenger
2026-05-27 02:52:11,MEX,AMS,2026-11-24,2026-12-02,8,economy,1,18967,Unknown,Unknown,Unknown,https://www.google.com/travel/flights?q=Flights%20from%20MEX%20to%20AMS%20on%202026-11-24%20returning%202026-12-02%20economy%20class%201%20passenger
2026-05-27 02:52:12,MEX,AMS,2026-11-25,2026-12-02,7,economy,1,18327,Unknown,Unknown,Unknown,https://www.google.com/travel/flights?q=Flights%20from%20MEX%20to%20AMS%20on%202026-11-25%20returning%202026-12-02%20economy%20class%201%20passenger
2026-05-27 02:52:14,MEX,AMS,2026-11-25,2026-12-03,8,economy,1,18967,Unknown,Unknown,Unknown,https://www.google.com/travel/flights?q=Flights%20from%20MEX%20to%20AMS%20on%202026-11-25%20returning%202026-12-03%20economy%20class%201%20passenger
2026-05-27 02:52:46,MEX,AMS,2026-11-23,2026-11-30,7,business,1,68065,Unknown,Unknown,Unknown,https://www.google.com/travel/flights?q=Flights%20from%20MEX%20to%20AMS%20on%202026-11-23%20returning%202026-11-30%20business%20class%201%20passenger
2026-05-27 02:52:47,MEX,AMS,2026-11-23,2026-12-01,8,business,1,68065,Unknown,Unknown,Unknown,https://www.google.com/travel/flights?q=Flights%20from%20MEX%20to%20AMS%20on%202026-11-23%20returning%202026-12-01%20business%20class%201%20passenger
2026-05-27 02:52:49,MEX,AMS,2026-11-24,2026-12-01,7,business,1,68065,Unknown,Unknown,Unknown,https://www.google.com/travel/flights?q=Flights%20from%20MEX%20to%20AMS%20on%202026-11-24%20returning%202026-12-01%20business%20class%201%20passenger
2026-05-27 02:52:50,MEX,AMS,2026-11-24,2026-12-02,8,business,1,68065,Unknown,Unknown,Unknown,https://www.google.com/travel/flights?q=Flights%20from%20MEX%20to%20AMS%20on%202026-11-24%20returning%202026-12-02%20business%20class%201%20passenger
2026-05-27 02:52:51,MEX,AMS,2026-11-25,2026-12-02,7,business,1,67442,Unknown,Unknown,Unknown,https://www.google.com/travel/flights?q=Flights%20from%20MEX%20to%20AMS%20on%202026-11-25%20returning%202026-12-02%20business%20class%201%20passenger
2026-05-27 02:52:53,MEX,AMS,2026-11-25,2026-12-03,8,business,1,67442,Unknown,Unknown,Unknown,https://www.google.com/travel/flights?q=Flights%20from%20MEX%20to%20AMS%20on%202026-11-25%20returning%202026-12-03%20business%20class%201%20passenger
2026-05-27 02:52:54,MEX,AMS,2026-11-26,2026-12-03,7,business,1,67407,Unknown,Unknown,Unknown,https://www.google.com/travel/flights?q=Flights%20from%20MEX%20to%20AMS%20on%202026-11-26%20returning%202026-12-03%20business%20class%201%20passenger
2026-05-27 02:52:56,MEX,EDI,2026-11-23,2026-11-30,7,economy,1,16925,Unknown,Unknown,Unknown,https://www.google.com/travel/flights?q=Flights%20from%20MEX%20to%20EDI%20on%202026-11-23%20returning%202026-11-30%20economy%20class%201%20passenger
2026-05-27 02:52:58,MEX,EDI,2026-11-23,2026-12-01,8,economy,1,17029,Unknown,Unknown,Unknown,https://www.google.com/travel/flights?q=Flights%20from%20MEX%20to%20EDI%20on%202026-11-23%20returning%202026-12-01%20economy%20class%201%20passenger
2026-05-27 02:52:59,MEX,EDI,2026-11-24,2026-12-01,7,economy,1,17133,Unknown,Unknown,Unknown,https://www.google.com/travel/flights?q=Flights%20from%20MEX%20to%20EDI%20on%202026-11-24%20returning%202026-12-01%20economy%20class%201%20passenger
2026-05-27 02:53:00,MEX,EDI,2026-11-24,2026-12-02,8,economy,1,16648,Unknown,Unknown,Unknown,https://www.google.com/travel/flights?q=Flights%20from%20MEX%20to%20EDI%20on%202026-11-24%20returning%202026-12-02%20economy%20class%201%20passenger
2026-05-27 02:53:33,MEX,EDI,2026-11-25,2026-12-03,8,economy,1,16925,Unknown,Unknown,Unknown,https://www.google.com/travel/flights?q=Flights%20from%20MEX%20to%20EDI%20on%202026-11-25%20returning%202026-12-03%20economy%20class%201%20passenger
2026-05-27 02:53:34,MEX,EDI,2026-11-26,2026-12-03,7,economy,1,18136,Unknown,Unknown,Unknown,https://www.google.com/travel/flights?q=Flights%20from%20MEX%20to%20EDI%20on%202026-11-26%20returning%202026-12-03%20economy%20class%201%20passenger
2026-05-27 02:54:07,MEX,EDI,2026-11-23,2026-12-01,8,business,1,61264,Unknown,Unknown,Unknown,https://www.google.com/travel/flights?q=Flights%20from%20MEX%20to%20EDI%20on%202026-11-23%20returning%202026-12-01%20business%20class%201%20passenger
2026-05-27 02:54:09,MEX,EDI,2026-11-24,2026-12-01,7,business,1,61212,Unknown,Unknown,Unknown,https://www.google.com/travel/flights?q=Flights%20from%20MEX%20to%20EDI%20on%202026-11-24%20returning%202026-12-01%20business%20class%201%20passenger
2026-05-27 02:54:10,MEX,EDI,2026-11-24,2026-12-02,8,business,1,61212,Unknown,Unknown,Unknown,https://www.google.com/travel/flights?q=Flights%20from%20MEX%20to%20EDI%20on%202026-11-24%20returning%202026-12-02%20business%20class%201%20passenger
2026-05-27 02:54:11,MEX,EDI,2026-11-25,2026-12-02,7,business,1,61212,Unknown,Unknown,Unknown,https://www.google.com/travel/flights?q=Flights%20from%20MEX%20to%20EDI%20on%202026-11-25%20returning%202026-12-02%20business%20class%201%20passenger
2026-05-27 02:54:44,MEX,EDI,2026-11-26,2026-12-03,7,business,1,61246,Unknown,Unknown,Unknown,https://www.google.com/travel/flights?q=Flights%20from%20MEX%20to%20EDI%20on%202026-11-26%20returning%202026-12-03%20business%20class%201%20passenger
2026-05-27 02:54:46,MEX,DUB,2026-11-23,2026-11-30,7,economy,1,15506,Unknown,Unknown,Unknown,https://www.google.com/travel/flights?q=Flights%20from%20MEX%20to%20DUB%20on%202026-11-23%20returning%202026-11-30%20economy%20class%201%20passenger
2026-05-27 02:54:47,MEX,DUB,2026-11-23,2026-12-01,8,economy,1,15506,Unknown,Unknown,Unknown,https://www.google.com/travel/flights?q=Flights%20from%20MEX%20to%20DUB%20on%202026-11-23%20returning%202026-12-01%20economy%20class%201%20passenger
2026-05-27 02:54:48,MEX,DUB,2026-11-24,2026-12-01,7,economy,1,15506,Unknown,Unknown,Unknown,https://www.google.com/travel/flights?q=Flights%20from%20MEX%20to%20DUB%20on%202026-11-24%20returning%202026-12-01%20economy%20class%201%20passenger
2026-05-27 02:54:49,MEX,DUB,2026-11-24,2026-12-02,8,economy,1,15506,Unknown,Unknown,Unknown,https://www.google.com/travel/flights?q=Flights%20from%20MEX%20to%20DUB%20on%202026-11-24%20returning%202026-12-02%20economy%20class%201%20passenger
2026-05-27 02:54:51,MEX,DUB,2026-11-25,2026-12-02,7,economy,1,15506,Unknown,Unknown,Unknown,https://www.google.com/travel/flights?q=Flights%20from%20MEX%20to%20DUB%20on%202026-11-25%20returning%202026-12-02%20economy%20class%201%20passenger
2026-05-27 02:54:52,MEX,DUB,2026-11-25,2026-12-03,8,economy,1,15869,Unknown,Unknown,Unknown,https://www.google.com/travel/flights?q=Flights%20from%20MEX%20to%20DUB%20on%202026-11-25%20returning%202026-12-03%20economy%20class%201%20passenger
2026-05-27 02:54:53,MEX,DUB,2026-11-26,2026-12-03,7,economy,1,15956,Unknown,Unknown,Unknown,https://www.google.com/travel/flights?q=Flights%20from%20MEX%20to%20DUB%20on%202026-11-26%20returning%202026-12-03%20economy%20class%201%20passenger
2026-05-27 02:54:55,MEX,DUB,2026-11-23,2026-11-30,7,business,1,59014,Unknown,Unknown,Unknown,https://www.google.com/travel/flights?q=Flights%20from%20MEX%20to%20DUB%20on%202026-11-23%20returning%202026-11-30%20business%20class%201%20passenger
2026-05-27 02:54:57,MEX,DUB,2026-11-23,2026-12-01,8,business,1,58148,Unknown,Unknown,Unknown,https://www.google.com/travel/flights?q=Flights%20from%20MEX%20to%20DUB%20on%202026-11-23%20returning%202026-12-01%20business%20class%201%20passenger
2026-05-27 02:54:58,MEX,DUB,2026-11-24,2026-12-01,7,business,1,58148,Unknown,Unknown,Unknown,https://www.google.com/travel/flights?q=Flights%20from%20MEX%20to%20DUB%20on%202026-11-24%20returning%202026-12-01%20business%20class%201%20passenger
2026-05-27 02:54:59,MEX,DUB,2026-11-24,2026-12-02,8,business,1,58148,Unknown,Unknown,Unknown,https://www.google.com/travel/flights?q=Flights%20from%20MEX%20to%20DUB%20on%202026-11-24%20returning%202026-12-02%20business%20class%201%20passenger
2026-05-27 02:55:01,MEX,DUB,2026-11-25,2026-12-02,7,business,1,59014,Unknown,Unknown,Unknown,https://www.google.com/travel/flights?q=Flights%20from%20MEX%20to%20DUB%20on%202026-11-25%20returning%202026-12-02%20business%20class%201%20passenger
2026-05-27 02:55:02,MEX,DUB,2026-11-25,2026-12-03,8,business,1,59014,Unknown,Unknown,Unknown,https://www.google.com/travel/flights?q=Flights%20from%20MEX%20to%20DUB%20on%202026-11-25%20returning%202026-12-03%20business%20class%201%20passenger
2026-05-27 02:55:35,MEX,FRA,2026-11-23,2026-11-30,7,economy,1,19054,Unknown,Unknown,Unknown,https://www.google.com/travel/flights?q=Flights%20from%20MEX%20to%20FRA%20on%202026-11-23%20returning%202026-11-30%20economy%20class%201%20passenger
2026-05-27 02:55:36,MEX,FRA,2026-11-23,2026-12-01,8,economy,1,18431,Unknown,Unknown,Unknown,https://www.google.com/travel/flights?q=Flights%20from%20MEX%20to%20FRA%20on%202026-11-23%20returning%202026-12-01%20economy%20class%201%20passenger
2026-05-27 02:56:08,MEX,FRA,2026-11-24,2026-12-02,8,economy,1,18448,Unknown,Unknown,Unknown,https://www.google.com/travel/flights?q=Flights%20from%20MEX%20to%20FRA%20on%202026-11-24%20returning%202026-12-02%20economy%20class%201%20passenger
2026-05-27 02:56:10,MEX,FRA,2026-11-25,2026-12-02,7,economy,1,18448,Unknown,Unknown,Unknown,https://www.google.com/travel/flights?q=Flights%20from%20MEX%20to%20FRA%20on%202026-11-25%20returning%202026-12-02%20economy%20class%201%20passenger
2026-05-27 02:56:42,MEX,FRA,2026-11-26,2026-12-03,7,economy,1,18984,Unknown,Unknown,Unknown,https://www.google.com/travel/flights?q=Flights%20from%20MEX%20to%20FRA%20on%202026-11-26%20returning%202026-12-03%20economy%20class%201%20passenger
2026-05-27 02:56:43,MEX,FRA,2026-11-23,2026-11-30,7,business,1,8722,Lufthansa,Nonstop,10 hr 45 min,https://www.google.com/travel/flights?q=Flights%20from%20MEX%20to%20FRA%20on%202026-11-23%20returning%202026-11-30%20business%20class%201%20passenger
2026-05-27 02:56:45,MEX,FRA,2026-11-23,2026-12-01,8,business,1,8722,Lufthansa,Nonstop,10 hr 45 min,https://www.google.com/travel/flights?q=Flights%20from%20MEX%20to%20FRA%20on%202026-11-23%20returning%202026-12-01%20business%20class%201%20passenger
2026-05-27 02:56:46,MEX,FRA,2026-11-24,2026-12-01,7,business,1,59377,Unknown,Unknown,Unknown,https://www.google.com/travel/flights?q=Flights%20from%20MEX%20to%20FRA%20on%202026-11-24%20returning%202026-12-01%20business%20class%201%20passenger
2026-05-27 02:56:47,MEX,FRA,2026-11-24,2026-12-02,8,business,1,59377,Unknown,Unknown,Unknown,https://www.google.com/travel/flights?q=Flights%20from%20MEX%20to%20FRA%20on%202026-11-24%20returning%202026-12-02%20business%20class%201%20passenger
2026-05-27 02:56:49,MEX,FRA,2026-11-25,2026-12-02,7,business,1,59377,Unknown,Unknown,Unknown,https://www.google.com/travel/flights?q=Flights%20from%20MEX%20to%20FRA%20on%202026-11-25%20returning%202026-12-02%20business%20class%201%20passenger
2026-05-27 02:56:50,MEX,FRA,2026-11-25,2026-12-03,8,business,1,59377,Unknown,Unknown,Unknown,https://www.google.com/travel/flights?q=Flights%20from%20MEX%20to%20FRA%20on%202026-11-25%20returning%202026-12-03%20business%20class%201%20passenger
2026-05-27 02:56:51,MEX,FRA,2026-11-26,2026-12-03,7,business,1,68169,Unknown,Unknown,Unknown,https://www.google.com/travel/flights?q=Flights%20from%20MEX%20to%20FRA%20on%202026-11-26%20returning%202026-12-03%20business%20class%201%20passenger
